{"stats":{"minecraft:picked_up":{"minecraft:stone_sword":1,"minecraft:dirt":3},"minecraft:custom":{"minecraft:jump":80,"minecraft:time_since_rest":822,"minecraft:damage_dealt":20,"minecraft:crouch_one_cm":83,"minecraft:deaths":5,"minecraft:sprint_one_cm":6224,"minecraft:play_time":12460,"minecraft:damage_taken":1302,"minecraft:time_since_death":154,"minecraft:walk_one_cm":7571,"minecraft:sneak_time":43,"minecraft:climb_one_cm":2031,"minecraft:total_world_time":12460,"minecraft:talked_to_villager":2,"minecraft:fall_one_cm":2988,"minecraft:fly_one_cm":11392,"minecraft:leave_game":1,"minecraft:open_chest":2},"minecraft:killed_by":{"minecraft:player":4,"minecraft:zombie":1},"minecraft:mined":{"minecraft:grass_block":3},"minecraft:used":{"minecraft:dirt":3}},"DataVersion":3465}