{"stats":{"minecraft:used":{"minecraft:stone_sword":213,"minecraft:flint_and_steel":5,"minecraft:stone_shovel":82,"minecraft:poppy":1,"minecraft:chest":2,"minecraft:shield":55,"minecraft:iron_sword":204,"minecraft:rotten_flesh":1,"minecraft:netherrack":37,"minecraft:iron_chestplate":2,"minecraft:torch":62,"minecraft:dirt":86,"minecraft:warped_wart_block":1,"minecraft:jungle_planks":40,"minecraft:carrot":75,"minecraft:azure_bluet":1,"minecraft:jungle_sapling":1,"minecraft:iron_axe":50,"minecraft:iron_helmet":1,"minecraft:iron_boots":1,"minecraft:bamboo":132,"minecraft:bow":2,"minecraft:oak_sapling":1,"minecraft:furnace":3,"minecraft:iron_leggings":2,"minecraft:golden_boots":1,"minecraft:diorite":2,"minecraft:stone_pickaxe":105,"minecraft:wooden_pickaxe":3,"minecraft:fletching_table":2,"minecraft:crafting_table":13,"minecraft:white_bed":3,"minecraft:bread":13,"minecraft:iron_pickaxe":360,"minecraft:stone_slab":1,"minecraft:gravel":12,"minecraft:stone_axe":119,"minecraft:wooden_sword":7,"minecraft:cobblestone":148,"minecraft:cooked_porkchop":1,"minecraft:yellow_bed":7},"minecraft:mined":{"minecraft:nether_gold_ore":42,"minecraft:white_bed":2,"minecraft:mossy_cobblestone":2,"minecraft:jungle_leaves":10,"minecraft:granite":7,"minecraft:grass_block":31,"minecraft:jungle_planks":6,"minecraft:jungle_log":107,"minecraft:spruce_leaves":1,"minecraft:composter":2,"minecraft:oxeye_daisy":2,"minecraft:furnace":3,"minecraft:carrots":23,"minecraft:iron_ore":41,"minecraft:fire":5,"minecraft:andesite":1,"minecraft:fletching_table":1,"minecraft:azure_bluet":1,"minecraft:bell":1,"minecraft:vine":8,"minecraft:dirt_path":33,"minecraft:warped_stem":12,"minecraft:bamboo_sapling":1,"minecraft:bamboo":252,"minecraft:stone":112,"minecraft:white_wool":1,"minecraft:podzol":3,"minecraft:crimson_nylium":3,"minecraft:dandelion":5,"minecraft:crafting_table":10,"minecraft:cornflower":1,"minecraft:torch":7,"minecraft:poppy":2,"minecraft:stone_slab":1,"minecraft:cobblestone":39,"minecraft:nether_quartz_ore":4,"minecraft:tall_grass":2,"minecraft:sugar_cane":3,"minecraft:oak_planks":2,"minecraft:blue_bed":1,"minecraft:diorite":2,"minecraft:wall_torch":2,"minecraft:warped_wart_block":1,"minecraft:seagrass":1,"minecraft:purple_bed":3,"minecraft:yellow_wool":1,"minecraft:yellow_bed":7,"minecraft:grass":156,"minecraft:coal_ore":96,"minecraft:oak_log":9,"minecraft:gravel":14,"minecraft:dirt":47,"minecraft:netherrack":100,"minecraft:oak_leaves":11,"minecraft:fern":26},"minecraft:killed_by":{"minecraft:ghast":1,"minecraft:player":3,"minecraft:creeper":2,"minecraft:pillager":1,"minecraft:iron_golem":1,"minecraft:ravager":7,"minecraft:vindicator":17,"minecraft:skeleton":1,"minecraft:zombie":1,"minecraft:vex":5},"minecraft:dropped":{"minecraft:iron_ingot":20,"minecraft:soul_sand":5,"minecraft:wheat_seeds":8,"minecraft:glass_bottle":2,"minecraft:lead":1,"minecraft:warped_roots":1,"minecraft:granite":7,"minecraft:jungle_planks":8,"minecraft:saddle":2,"minecraft:stick":18,"minecraft:flint":1,"minecraft:oxeye_daisy":1,"minecraft:dirt":12,"minecraft:diorite":4,"minecraft:jungle_button":1,"minecraft:wooden_sword":2,"minecraft:string":3,"minecraft:blue_bed":1,"minecraft:dandelion":5,"minecraft:bone":3,"minecraft:oak_door":1,"minecraft:gravel":2,"minecraft:stone_sword":2,"minecraft:composter":2,"minecraft:stone_shovel":1,"minecraft:rotten_flesh":8,"minecraft:oak_planks":13,"minecraft:carrot":8,"minecraft:poppy":2,"minecraft:andesite":1,"minecraft:jungle_log":4,"minecraft:purple_bed":3,"minecraft:bamboo":53,"minecraft:bow":1,"minecraft:arrow":3,"minecraft:stone_pickaxe":1,"minecraft:quartz":4,"minecraft:netherrack":72},"minecraft:custom":{"minecraft:mob_kills":37,"minecraft:interact_with_crafting_table":50,"minecraft:bell_ring":1,"minecraft:leave_game":7,"minecraft:time_since_death":5318,"minecraft:climb_one_cm":6643,"minecraft:sprint_one_cm":294272,"minecraft:walk_one_cm":522831,"minecraft:damage_blocked_by_shield":2829,"minecraft:drop":71,"minecraft:talked_to_villager":40,"minecraft:play_time":216369,"minecraft:deaths":43,"minecraft:sneak_time":14435,"minecraft:walk_under_water_one_cm":4054,"minecraft:jump":2672,"minecraft:walk_on_water_one_cm":3269,"minecraft:total_world_time":216369,"minecraft:interact_with_furnace":21,"minecraft:traded_with_villager":59,"minecraft:sleep_in_bed":7,"minecraft:time_since_rest":4049,"minecraft:damage_taken":15556,"minecraft:damage_dealt":8300,"minecraft:player_kills":3,"minecraft:swim_one_cm":12344,"minecraft:fly_one_cm":404844,"minecraft:open_chest":33,"minecraft:crouch_one_cm":27107,"minecraft:interact_with_smoker":2,"minecraft:fall_one_cm":73167},"minecraft:crafted":{"minecraft:golden_carrot":9,"minecraft:jungle_button":1,"minecraft:oak_planks":40,"minecraft:stone_shovel":2,"minecraft:furnace":1,"minecraft:flint_and_steel":1,"minecraft:warped_planks":48,"minecraft:bow":1,"minecraft:iron_boots":2,"minecraft:stone_pickaxe":1,"minecraft:chest":2,"minecraft:golden_boots":1,"minecraft:emerald":58,"minecraft:crafting_table":5,"minecraft:wooden_pickaxe":1,"minecraft:iron_helmet":2,"minecraft:iron_sword":2,"minecraft:fletching_table":1,"minecraft:stone_axe":1,"minecraft:jungle_planks":408,"minecraft:iron_chestplate":2,"minecraft:shield":1,"minecraft:stick":1853,"minecraft:iron_ingot":38,"minecraft:iron_pickaxe":2,"minecraft:stone_sword":4,"minecraft:iron_leggings":1,"minecraft:gold_ingot":6,"minecraft:torch":88},"minecraft:broken":{"minecraft:stone_sword":1,"minecraft:iron_boots":1,"minecraft:iron_chestplate":1,"minecraft:iron_leggings":1,"minecraft:iron_sword":1,"minecraft:iron_pickaxe":1,"minecraft:iron_helmet":1},"minecraft:killed":{"minecraft:witch":2,"minecraft:vindicator":1,"minecraft:skeleton":3,"minecraft:piglin":2,"minecraft:pig":6,"minecraft:wandering_trader":1,"minecraft:trader_llama":4,"minecraft:pillager":7,"minecraft:zombie":8},"minecraft:picked_up":{"minecraft:crafting_table":9,"minecraft:azure_bluet":1,"minecraft:yellow_wool":1,"minecraft:lead":2,"minecraft:stone_slab":1,"minecraft:wooden_pickaxe":1,"minecraft:potion":1,"minecraft:shield":1,"minecraft:string":3,"minecraft:wooden_sword":2,"minecraft:iron_leggings":1,"minecraft:gold_nugget":156,"minecraft:jungle_sapling":1,"minecraft:poppy":6,"minecraft:iron_pickaxe":1,"minecraft:sugar_cane":9,"minecraft:furnace":4,"minecraft:stick":11,"minecraft:raw_iron":41,"minecraft:oak_door":1,"minecraft:composter":2,"minecraft:torch":23,"minecraft:porkchop":8,"minecraft:diorite":6,"minecraft:carrot":92,"minecraft:arrow":10,"minecraft:rotten_flesh":11,"minecraft:saddle":2,"minecraft:white_wool":1,"minecraft:cobblestone":247,"minecraft:oxeye_daisy":1,"minecraft:andesite":1,"minecraft:jungle_log":122,"minecraft:leather":6,"minecraft:flint":29,"minecraft:oak_log":9,"minecraft:yellow_bed":7,"minecraft:blue_bed":1,"minecraft:dirt":179,"minecraft:bone":4,"minecraft:bow":2,"minecraft:wheat_seeds":34,"minecraft:warped_stem":12,"minecraft:bell":1,"minecraft:iron_ingot":41,"minecraft:stone_pickaxe":1,"minecraft:fletching_table":1,"minecraft:glass_bottle":2,"minecraft:bamboo":2452,"minecraft:oak_planks":27,"minecraft:iron_sword":1,"minecraft:soul_sand":5,"minecraft:cooked_porkchop":1,"minecraft:warped_wart_block":1,"minecraft:quartz":4,"minecraft:dandelion":7,"minecraft:gravel":16,"minecraft:jungle_planks":7,"minecraft:white_bed":3,"minecraft:mossy_cobblestone":2,"minecraft:purple_bed":3,"minecraft:yellow_carpet":1,"minecraft:stone_axe":1,"minecraft:granite":7,"minecraft:bread":16,"minecraft:emerald":2,"minecraft:warped_roots":1,"minecraft:oak_sapling":2,"minecraft:netherrack":109,"minecraft:coal":241}},"DataVersion":3465}