{"stats":{"minecraft:used":{"minecraft:stone_sword":25,"minecraft:stone_shovel":1,"minecraft:oak_sign":1,"minecraft:shield":44,"minecraft:iron_chestplate":2,"minecraft:torch":23,"minecraft:dirt":5,"minecraft:jungle_planks":16,"minecraft:wooden_axe":121,"minecraft:iron_axe":46,"minecraft:oak_stairs":3,"minecraft:iron_helmet":2,"minecraft:iron_boots":1,"minecraft:bow":9,"minecraft:hay_block":1,"minecraft:furnace":1,"minecraft:iron_leggings":3,"minecraft:wheat_seeds":91,"minecraft:leather_leggings":1,"minecraft:stone_pickaxe":119,"minecraft:oak_planks":5,"minecraft:wooden_pickaxe":17,"minecraft:crafting_table":7,"minecraft:oak_log":2,"minecraft:cornflower":1,"minecraft:melon_slice":165,"minecraft:bread":10,"minecraft:iron_pickaxe":37,"minecraft:stone_axe":142,"minecraft:wooden_sword":5,"minecraft:cobblestone":7,"minecraft:white_banner":2,"minecraft:andesite":6,"minecraft:yellow_bed":2},"minecraft:mined":{"minecraft:jungle_leaves":12,"minecraft:grass_block":1,"minecraft:jungle_log":76,"minecraft:spruce_leaves":4,"minecraft:hay_block":14,"minecraft:iron_ore":8,"minecraft:andesite":6,"minecraft:vine":39,"minecraft:oak_stairs":3,"minecraft:bamboo":5,"minecraft:stone":41,"minecraft:crimson_nylium":1,"minecraft:dandelion":5,"minecraft:crafting_table":6,"minecraft:cornflower":1,"minecraft:poppy":1,"minecraft:melon":44,"minecraft:warped_roots":1,"minecraft:cobblestone":9,"minecraft:tall_grass":1,"minecraft:oak_planks":6,"minecraft:wall_torch":2,"minecraft:wheat":35,"minecraft:yellow_bed":2,"minecraft:grass":68,"minecraft:coal_ore":61,"minecraft:oak_log":28,"minecraft:cocoa":1,"minecraft:dirt":6,"minecraft:netherrack":21,"minecraft:gold_ore":8,"minecraft:oak_leaves":19,"minecraft:fern":21},"minecraft:killed_by":{"minecraft:player":11,"minecraft:creeper":1,"minecraft:pillager":1,"minecraft:iron_golem":1,"minecraft:ravager":2,"minecraft:vindicator":12,"minecraft:piglin":1,"minecraft:skeleton":1,"minecraft:witch":1,"minecraft:vex":2},"minecraft:dropped":{"minecraft:bread":35,"minecraft:wheat_seeds":7,"minecraft:dirt":3,"minecraft:melon_slice":46,"minecraft:wooden_sword":1,"minecraft:poppy":6,"minecraft:bamboo":21},"minecraft:custom":{"minecraft:mob_kills":19,"minecraft:interact_with_crafting_table":44,"minecraft:bell_ring":27,"minecraft:leave_game":3,"minecraft:time_since_death":2774,"minecraft:climb_one_cm":3749,"minecraft:sprint_one_cm":382559,"minecraft:walk_one_cm":393334,"minecraft:damage_blocked_by_shield":2428,"minecraft:drop":45,"minecraft:talked_to_villager":21,"minecraft:play_time":192542,"minecraft:deaths":39,"minecraft:sneak_time":10687,"minecraft:walk_under_water_one_cm":5075,"minecraft:boat_one_cm":21609,"minecraft:jump":2495,"minecraft:walk_on_water_one_cm":6031,"minecraft:total_world_time":192542,"minecraft:interact_with_furnace":13,"minecraft:traded_with_villager":19,"minecraft:pot_flower":25,"minecraft:sleep_in_bed":8,"minecraft:time_since_rest":1,"minecraft:damage_taken":14808,"minecraft:damage_dealt":6025,"minecraft:swim_one_cm":9956,"minecraft:player_kills":9,"minecraft:fly_one_cm":375600,"minecraft:open_chest":21,"minecraft:crouch_one_cm":10761,"minecraft:interact_with_smoker":1,"minecraft:fall_one_cm":74495,"minecraft:horse_one_cm":33},"minecraft:crafted":{"minecraft:wooden_sword":1,"minecraft:oak_planks":100,"minecraft:stone_shovel":1,"minecraft:oak_sign":3,"minecraft:furnace":1,"minecraft:bow":1,"minecraft:iron_boots":2,"minecraft:iron_axe":1,"minecraft:stone_pickaxe":2,"minecraft:wheat":90,"minecraft:emerald":18,"minecraft:crafting_table":2,"minecraft:wooden_pickaxe":1,"minecraft:iron_helmet":2,"minecraft:stone_axe":3,"minecraft:bread":32,"minecraft:jungle_planks":300,"minecraft:iron_chestplate":2,"minecraft:shield":2,"minecraft:stick":612,"minecraft:iron_ingot":20,"minecraft:iron_pickaxe":1,"minecraft:wooden_axe":3,"minecraft:iron_leggings":2,"minecraft:torch":28},"minecraft:broken":{"minecraft:stone_sword":1,"minecraft:iron_boots":1,"minecraft:iron_chestplate":1,"minecraft:iron_leggings":1,"minecraft:iron_axe":1,"minecraft:stone_axe":1,"minecraft:iron_helmet":1,"minecraft:wooden_axe":1},"minecraft:killed":{"minecraft:witch":1,"minecraft:vindicator":1,"minecraft:skeleton":2,"minecraft:salmon":4,"minecraft:iron_golem":1,"minecraft:ravager":1,"minecraft:pillager":1,"minecraft:zombie":5},"minecraft:picked_up":{"minecraft:wooden_axe":4,"minecraft:crafting_table":8,"minecraft:cocoa_beans":9,"minecraft:iron_chestplate":1,"minecraft:wheat":28,"minecraft:leather_leggings":2,"minecraft:lead":5,"minecraft:wooden_pickaxe":2,"minecraft:oak_stairs":3,"minecraft:shield":2,"minecraft:cornflower":1,"minecraft:iron_axe":2,"minecraft:iron_leggings":1,"minecraft:jungle_sapling":1,"minecraft:poppy":6,"minecraft:iron_pickaxe":2,"minecraft:melon_slice":496,"minecraft:iron_boots":1,"minecraft:raw_iron":28,"minecraft:stick":81,"minecraft:torch":13,"minecraft:stone_sword":1,"minecraft:arrow":8,"minecraft:stone_shovel":2,"minecraft:rotten_flesh":3,"minecraft:hay_block":11,"minecraft:saddle":2,"minecraft:totem_of_undying":1,"minecraft:cobblestone":48,"minecraft:salmon":3,"minecraft:jungle_log":75,"minecraft:andesite":6,"minecraft:oak_log":27,"minecraft:yellow_bed":6,"minecraft:gunpowder":1,"minecraft:dirt":16,"minecraft:white_banner":4,"minecraft:bone":3,"minecraft:apple":3,"minecraft:wheat_seeds":101,"minecraft:raw_gold":16,"minecraft:iron_ingot":58,"minecraft:stone_pickaxe":4,"minecraft:bamboo":21,"minecraft:oak_planks":34,"minecraft:jungle_planks":112,"minecraft:white_bed":1,"minecraft:stone_axe":4,"minecraft:iron_helmet":1,"minecraft:bone_meal":4,"minecraft:bread":28,"minecraft:emerald":2,"minecraft:oak_sapling":6,"minecraft:netherrack":14,"minecraft:coal":118}},"DataVersion":3465}