{"stats":{"minecraft:mined":{"minecraft:oak_log":5,"minecraft:cherry_log":1,"minecraft:oak_leaves":1,"minecraft:crafting_table":1},"minecraft:crafted":{"minecraft:oak_planks":20,"minecraft:crafting_table":1,"minecraft:stick":4,"minecraft:wooden_axe":1},"minecraft:killed":{"minecraft:pig":1},"minecraft:used":{"minecraft:wooden_axe":5,"minecraft:crafting_table":1,"minecraft:grass_block":1,"minecraft:cherry_log":1},"minecraft:picked_up":{"minecraft:crafting_table":1,"minecraft:porkchop":3,"minecraft:oak_log":5,"minecraft:cherry_log":1},"minecraft:custom":{"minecraft:time_since_rest":3419,"minecraft:sprint_one_cm":4963,"minecraft:play_time":3419,"minecraft:walk_one_cm":4536,"minecraft:mob_kills":1,"minecraft:jump":54,"minecraft:damage_dealt":100,"minecraft:leave_game":4,"minecraft:time_since_death":3419,"minecraft:total_world_time":3419,"minecraft:interact_with_crafting_table":1,"minecraft:fall_one_cm":1103,"minecraft:fly_one_cm":11027}},"DataVersion":3953}