{"stats":{"minecraft:mined":{"minecraft:tuff":3,"minecraft:jungle_leaves":1,"minecraft:cobbled_deepslate_slab":1,"minecraft:acacia_log":64,"minecraft:grass_block":233,"minecraft:decorated_pot":14,"minecraft:jungle_log":156,"minecraft:acacia_slab":2,"minecraft:moss_block":2,"animal_feeding_trough:feeding_trough":2,"minecraft:sandstone":41,"minecraft:hay_block":8,"minecraft:furnace":2,"minecraft:iron_ore":2,"minecraft:cobbled_deepslate":3,"minecraft:barrel":1,"minecraft:acacia_stairs":8,"minecraft:andesite":1,"minecraft:deepslate_iron_ore":2,"minecraft:vine":6,"minecraft:stripped_acacia_log":2,"minecraft:stone":57,"minecraft:dandelion":1,"minecraft:crafting_table":8,"minecraft:short_grass":256,"minecraft:poppy":4,"minecraft:melon":21,"minecraft:chest":1,"minecraft:dead_bush":3,"minecraft:tall_grass":18,"minecraft:cobblestone":1,"minecraft:sugar_cane":7,"minecraft:coarse_dirt":40,"minecraft:brown_wall_banner":3,"minecraft:oak_log":9,"minecraft:coal_ore":1,"minecraft:acacia_fence":10,"minecraft:acacia_door":1,"minecraft:gravel":1,"minecraft:sand":12,"minecraft:dirt":108,"minecraft:acacia_planks":10,"minecraft:deepslate":30},"minecraft:custom":{"minecraft:mob_kills":84,"minecraft:interact_with_crafting_table":59,"minecraft:open_barrel":49,"minecraft:bell_ring":8,"minecraft:leave_game":1,"minecraft:time_since_death":129407,"minecraft:climb_one_cm":5764,"minecraft:sprint_one_cm":397992,"minecraft:walk_one_cm":481925,"minecraft:damage_blocked_by_shield":520,"minecraft:drop":17,"minecraft:talked_to_villager":21,"minecraft:play_time":220315,"minecraft:deaths":6,"minecraft:sneak_time":4078,"minecraft:walk_under_water_one_cm":17025,"minecraft:boat_one_cm":93392,"minecraft:jump":3420,"minecraft:walk_on_water_one_cm":25327,"minecraft:total_world_time":220315,"minecraft:interact_with_furnace":23,"minecraft:traded_with_villager":15,"minecraft:pot_flower":2,"minecraft:interact_with_stonecutter":1,"minecraft:sleep_in_bed":1,"minecraft:time_since_rest":129437,"minecraft:damage_taken":2863,"minecraft:damage_dealt":15292,"minecraft:swim_one_cm":19737,"minecraft:fly_one_cm":535896,"minecraft:open_chest":2,"minecraft:crouch_one_cm":5366,"minecraft:interact_with_smoker":6,"minecraft:fall_one_cm":84804},"minecraft:crafted":{"minecraft:cobbled_deepslate_slab":60,"minecraft:stone_shovel":1,"minecraft:barrel":3,"minecraft:iron_nugget":117,"minecraft:furnace":1,"minecraft:bone_meal":6,"toughasnails:empty_leather_canteen":1,"basicweapons:wooden_dagger":1,"minecraft:lantern":14,"basicweapons:iron_hammer":1,"minecraft:iron_axe":1,"minecraft:chiseled_bookshelf":2,"minecraft:chest":1,"minecraft:acacia_fence":39,"minecraft:jungle_fence":3,"basicweapons:iron_spear":1,"minecraft:flower_pot":2,"basicweapons:iron_quarterstaff":1,"minecraft:wheat":72,"minecraft:cooked_beef":16,"minecraft:sugar":2,"minecraft:emerald":6,"minecraft:crafting_table":2,"minecraft:jungle_boat":1,"minecraft:acacia_slab":12,"minecraft:wooden_pickaxe":1,"basicweapons:iron_club":1,"minecraft:bowl":4,"toughasnails:charc_os":1,"minecraft:copper_ingot":7,"minecraft:stone_axe":1,"minecraft:jungle_slab":18,"minecraft:painting":1,"minecraft:air":0,"minecraft:jungle_planks":624,"toughasnails:ice_cream":1,"minecraft:white_wool":2,"minecraft:shield":1,"minecraft:stick":64,"minecraft:iron_ingot":88,"minecraft:iron_pickaxe":1,"minecraft:wooden_axe":3,"minecraft:stone_sword":1,"minecraft:iron_shovel":2,"minecraft:acacia_planks":156,"minecraft:torch":33,"resource_backpacks:backpack_leather":1,"animal_feeding_trough:feeding_trough":2,"sawmill:sawmill":1},"minecraft:broken":{"minecraft:iron_shovel":1,"minecraft:wooden_pickaxe":1,"minecraft:stone_pickaxe":1,"minecraft:wooden_axe":3,"minecraft:stone_shovel":1},"minecraft:dropped":{"minecraft:bread":5,"minecraft:moss_block":2,"minecraft:glow_ink_sac":1,"basicweapons:stone_club":1,"minecraft:snowball":1,"basicweapons:iron_club":1,"minecraft:sand":12,"minecraft:acacia_planks":32,"toughasnails:leather_water_canteen":1,"minecraft:tuff":1,"minecraft:rotten_flesh":17,"minecraft:gunpowder":6,"minecraft:acacia_slab":1,"minecraft:spider_eye":2,"minecraft:brick":1},"minecraft:used":{"minecraft:stone_sword":47,"minecraft:iron_shovel":308,"minecraft:stone_shovel":139,"minecraft:poppy":1,"minecraft:decorated_pot":6,"minecraft:chest":1,"minecraft:shield":26,"minecraft:stone":2,"minecraft:rotten_flesh":16,"minecraft:dirt":323,"minecraft:acacia_sapling":24,"minecraft:wooden_axe":174,"minecraft:villager_spawn_egg":2,"minecraft:lantern":14,"minecraft:iron_axe":30,"minecraft:acacia_slab":18,"minecraft:barrel":3,"basicweapons:iron_quarterstaff":31,"toughasnails:leather_water_canteen":52,"minecraft:furnace":3,"minecraft:acacia_fence":56,"minecraft:cooked_beef":3,"minecraft:cobbled_deepslate":3,"minecraft:acacia_planks":56,"toughasnails:empty_leather_canteen":6,"minecraft:chiseled_bookshelf":2,"minecraft:water_bucket":18,"toughasnails:charc_os":1,"minecraft:stone_pickaxe":46,"minecraft:wooden_pickaxe":43,"minecraft:sugar_cane":4,"minecraft:jungle_boat":3,"animal_feeding_trough:feeding_trough":3,"minecraft:crafting_table":8,"minecraft:brown_banner":11,"minecraft:painting":29,"minecraft:flower_pot":2,"minecraft:acacia_stairs":8,"minecraft:acacia_door":1,"basicweapons:stone_club":51,"minecraft:bread":8,"minecraft:melon_slice":210,"sawmill:sawmill":1,"minecraft:iron_pickaxe":67,"toughasnails:ice_cream":1,"minecraft:red_terracotta":10,"minecraft:acacia_fence_gate":2,"minecraft:stone_axe":113,"minecraft:cobbled_deepslate_slab":26,"minecraft:cobblestone":12,"basicweapons:iron_hammer":59,"minecraft:bucket":18,"minecraft:glass_pane":2,"basicweapons:iron_spear":15,"minecraft:dandelion":1,"minecraft:coarse_dirt":35,"minecraft:bone_meal":6},"minecraft:killed":{"minecraft:witch":1,"minecraft:spider":14,"minecraft:skeleton":11,"minecraft:drowned":2,"minecraft:husk":5,"minecraft:creeper":7,"minecraft:zombie":29,"minecraft:cow":9},"minecraft:picked_up":{"minecraft:coarse_dirt":39,"minecraft:crafting_table":8,"minecraft:wheat":2,"minecraft:potion":1,"minecraft:brick":37,"minecraft:string":8,"minecraft:raw_copper":7,"minecraft:acacia_door":1,"minecraft:beetroot":3,"minecraft:cobbled_deepslate":33,"minecraft:beef":19,"minecraft:jungle_sapling":10,"minecraft:poppy":9,"minecraft:chest":1,"minecraft:melon_slice":103,"minecraft:sugar_cane":21,"minecraft:furnace":2,"minecraft:stick":32,"minecraft:raw_iron":88,"minecraft:sandstone":41,"minecraft:acacia_fence":10,"minecraft:copper_ingot":1,"minecraft:acacia_log":64,"minecraft:redstone":7,"minecraft:rotten_flesh":67,"minecraft:stone_sword":1,"minecraft:arrow":14,"minecraft:decorated_pot":6,"minecraft:hay_block":8,"minecraft:glow_berries":2,"minecraft:cobblestone":59,"minecraft:snowball":1,"minecraft:jungle_boat":2,"minecraft:glow_ink_sac":1,"minecraft:jungle_log":156,"minecraft:leather":8,"minecraft:tuff":1,"minecraft:oak_log":9,"minecraft:gunpowder":13,"minecraft:lapis_lazuli":49,"minecraft:dirt":341,"basicweapons:iron_club":1,"minecraft:bone":19,"minecraft:acacia_planks":44,"minecraft:wheat_seeds":72,"minecraft:raw_gold":6,"minecraft:cobbled_deepslate_slab":1,"minecraft:moss_block":2,"minecraft:acacia_sapling":24,"minecraft:dandelion":1,"minecraft:sand":24,"minecraft:acacia_stairs":8,"minecraft:red_terracotta":2,"minecraft:spider_eye":5,"minecraft:stripped_acacia_log":2,"minecraft:diamond":24,"minecraft:painting":28,"minecraft:emerald":2,"minecraft:bread":5,"minecraft:brown_banner":9,"minecraft:acacia_slab":4,"minecraft:coal":174},"minecraft:killed_by":{"minecraft:spider":1,"minecraft:bogged":1,"minecraft:skeleton":4}},"DataVersion":3953}