{"stats":{"minecraft:mined":{"minecraft:tuff":3,"minecraft:jungle_leaves":1,"minecraft:acacia_log":35,"minecraft:grass_block":133,"minecraft:decorated_pot":14,"minecraft:jungle_log":156,"minecraft:moss_block":2,"animal_feeding_trough:feeding_trough":2,"minecraft:sandstone":41,"minecraft:hay_block":8,"minecraft:furnace":2,"minecraft:iron_ore":2,"minecraft:cobbled_deepslate":3,"minecraft:barrel":1,"minecraft:acacia_stairs":5,"minecraft:andesite":1,"minecraft:deepslate_iron_ore":2,"minecraft:vine":6,"minecraft:stripped_acacia_log":2,"minecraft:stone":57,"minecraft:crafting_table":8,"minecraft:short_grass":91,"minecraft:melon":21,"minecraft:chest":1,"minecraft:dead_bush":3,"minecraft:tall_grass":7,"minecraft:cobblestone":1,"minecraft:sugar_cane":7,"minecraft:coarse_dirt":1,"minecraft:oak_log":9,"minecraft:coal_ore":1,"minecraft:acacia_fence":5,"minecraft:acacia_door":1,"minecraft:gravel":1,"minecraft:sand":12,"minecraft:dirt":91,"minecraft:acacia_planks":6,"minecraft:deepslate":30},"minecraft:custom":{"minecraft:mob_kills":78,"minecraft:interact_with_crafting_table":38,"minecraft:open_barrel":27,"minecraft:bell_ring":8,"minecraft:leave_game":1,"minecraft:time_since_death":93407,"minecraft:climb_one_cm":5600,"minecraft:sprint_one_cm":306014,"minecraft:walk_one_cm":343729,"minecraft:damage_blocked_by_shield":520,"minecraft:drop":17,"minecraft:talked_to_villager":14,"minecraft:play_time":184315,"minecraft:deaths":6,"minecraft:sneak_time":3129,"minecraft:walk_under_water_one_cm":17025,"minecraft:boat_one_cm":93392,"minecraft:jump":2872,"minecraft:walk_on_water_one_cm":24506,"minecraft:total_world_time":184315,"minecraft:interact_with_furnace":22,"minecraft:sleep_in_bed":1,"minecraft:time_since_rest":93437,"minecraft:damage_taken":2813,"minecraft:damage_dealt":14432,"minecraft:swim_one_cm":19737,"minecraft:fly_one_cm":453568,"minecraft:open_chest":1,"minecraft:crouch_one_cm":3976,"minecraft:fall_one_cm":71807},"minecraft:crafted":{"minecraft:stone_shovel":1,"minecraft:barrel":3,"minecraft:furnace":1,"toughasnails:empty_leather_canteen":1,"basicweapons:iron_hammer":1,"minecraft:chiseled_bookshelf":2,"minecraft:acacia_fence":15,"basicweapons:iron_spear":1,"basicweapons:iron_quarterstaff":1,"minecraft:wheat":72,"minecraft:sugar":2,"minecraft:crafting_table":2,"minecraft:jungle_boat":1,"minecraft:acacia_slab":12,"minecraft:wooden_pickaxe":1,"basicweapons:iron_club":1,"minecraft:bowl":4,"toughasnails:charc_os":1,"minecraft:stone_axe":1,"minecraft:jungle_slab":12,"minecraft:painting":1,"minecraft:air":0,"minecraft:jungle_planks":624,"toughasnails:ice_cream":1,"minecraft:white_wool":2,"minecraft:shield":1,"minecraft:stick":32,"minecraft:iron_ingot":88,"minecraft:iron_pickaxe":1,"minecraft:wooden_axe":3,"minecraft:stone_sword":1,"minecraft:iron_shovel":1,"minecraft:acacia_planks":96,"animal_feeding_trough:feeding_trough":2},"minecraft:broken":{"minecraft:wooden_pickaxe":1,"minecraft:stone_pickaxe":1,"minecraft:wooden_axe":3,"minecraft:stone_shovel":1},"minecraft:dropped":{"minecraft:bread":5,"minecraft:moss_block":2,"minecraft:glow_ink_sac":1,"basicweapons:stone_club":1,"minecraft:snowball":1,"basicweapons:iron_club":1,"minecraft:sand":12,"minecraft:acacia_planks":32,"toughasnails:leather_water_canteen":1,"minecraft:tuff":1,"minecraft:rotten_flesh":17,"minecraft:gunpowder":6,"minecraft:acacia_slab":1,"minecraft:spider_eye":2,"minecraft:brick":1},"minecraft:used":{"minecraft:stone_sword":47,"minecraft:iron_shovel":105,"minecraft:stone_shovel":139,"minecraft:decorated_pot":6,"minecraft:chest":1,"minecraft:shield":26,"minecraft:stone":2,"minecraft:rotten_flesh":16,"minecraft:dirt":224,"minecraft:wooden_axe":174,"minecraft:villager_spawn_egg":2,"minecraft:acacia_slab":16,"minecraft:barrel":3,"basicweapons:iron_quarterstaff":31,"toughasnails:leather_water_canteen":46,"minecraft:furnace":3,"minecraft:acacia_fence":27,"minecraft:cobbled_deepslate":3,"minecraft:acacia_planks":56,"toughasnails:empty_leather_canteen":6,"minecraft:chiseled_bookshelf":2,"minecraft:water_bucket":16,"toughasnails:charc_os":1,"minecraft:stone_pickaxe":46,"minecraft:wooden_pickaxe":43,"minecraft:jungle_boat":3,"animal_feeding_trough:feeding_trough":3,"minecraft:crafting_table":8,"minecraft:brown_banner":5,"minecraft:painting":29,"minecraft:acacia_stairs":5,"minecraft:acacia_door":1,"basicweapons:stone_club":51,"minecraft:bread":8,"minecraft:melon_slice":208,"minecraft:iron_pickaxe":65,"toughasnails:ice_cream":1,"minecraft:red_terracotta":10,"minecraft:acacia_fence_gate":2,"minecraft:stone_axe":93,"minecraft:cobblestone":12,"basicweapons:iron_hammer":51,"minecraft:bucket":16,"minecraft:glass_pane":2,"basicweapons:iron_spear":15},"minecraft:killed":{"minecraft:spider":13,"minecraft:skeleton":11,"minecraft:drowned":2,"minecraft:husk":5,"minecraft:creeper":7,"minecraft:zombie":29,"minecraft:cow":6},"minecraft:picked_up":{"minecraft:crafting_table":8,"minecraft:wheat":2,"minecraft:brick":37,"minecraft:string":8,"minecraft:raw_copper":7,"minecraft:acacia_door":1,"minecraft:beetroot":3,"minecraft:cobbled_deepslate":33,"minecraft:beef":14,"minecraft:jungle_sapling":10,"minecraft:poppy":6,"minecraft:chest":1,"minecraft:melon_slice":103,"minecraft:sugar_cane":21,"minecraft:furnace":2,"minecraft:stick":28,"minecraft:raw_iron":88,"minecraft:sandstone":41,"minecraft:acacia_fence":5,"minecraft:copper_ingot":1,"minecraft:acacia_log":35,"minecraft:rotten_flesh":67,"minecraft:stone_sword":1,"minecraft:arrow":14,"minecraft:decorated_pot":6,"minecraft:hay_block":8,"minecraft:glow_berries":2,"minecraft:cobblestone":59,"minecraft:snowball":1,"minecraft:jungle_boat":2,"minecraft:glow_ink_sac":1,"minecraft:jungle_log":156,"minecraft:leather":5,"minecraft:tuff":1,"minecraft:oak_log":9,"minecraft:gunpowder":11,"minecraft:lapis_lazuli":49,"minecraft:dirt":224,"basicweapons:iron_club":1,"minecraft:bone":19,"minecraft:acacia_planks":40,"minecraft:wheat_seeds":43,"minecraft:raw_gold":6,"minecraft:moss_block":2,"minecraft:acacia_sapling":9,"minecraft:sand":24,"minecraft:acacia_stairs":5,"minecraft:red_terracotta":2,"minecraft:spider_eye":3,"minecraft:stripped_acacia_log":2,"minecraft:diamond":24,"minecraft:painting":28,"minecraft:emerald":2,"minecraft:bread":5,"minecraft:brown_banner":6,"minecraft:acacia_slab":2,"minecraft:coal":174},"minecraft:killed_by":{"minecraft:spider":1,"minecraft:bogged":1,"minecraft:skeleton":4}},"DataVersion":3953}