{"stats":{"minecraft:custom":{"minecraft:mob_kills":97,"minecraft:interact_with_crafting_table":75,"minecraft:open_barrel":51,"minecraft:bell_ring":9,"minecraft:leave_game":3,"minecraft:time_since_death":92,"minecraft:climb_one_cm":5764,"minecraft:sprint_one_cm":490324,"minecraft:walk_one_cm":578368,"minecraft:damage_blocked_by_shield":580,"minecraft:drop":30,"minecraft:talked_to_villager":30,"minecraft:play_time":264878,"minecraft:sneak_time":5543,"minecraft:deaths":9,"minecraft:walk_under_water_one_cm":17324,"minecraft:boat_one_cm":93392,"minecraft:jump":3930,"minecraft:walk_on_water_one_cm":28993,"minecraft:total_world_time":264878,"minecraft:interact_with_furnace":34,"minecraft:traded_with_villager":63,"minecraft:pot_flower":2,"minecraft:interact_with_stonecutter":2,"minecraft:sleep_in_bed":3,"minecraft:time_since_rest":120,"minecraft:damage_taken":3822,"minecraft:damage_dealt":18661,"minecraft:swim_one_cm":20335,"minecraft:fly_one_cm":679807,"minecraft:open_chest":10,"minecraft:crouch_one_cm":5971,"minecraft:interact_with_smoker":7,"minecraft:fall_one_cm":97138,"minecraft:inspect_dispenser":20},"minecraft:killed_by":{"minecraft:spider":1,"minecraft:bogged":1,"minecraft:skeleton":5},"minecraft:killed":{"minecraft:witch":1,"minecraft:spider":14,"minecraft:skeleton":16,"minecraft:drowned":2,"minecraft:husk":5,"minecraft:iron_golem":1,"minecraft:creeper":8,"minecraft:zombie":32,"minecraft:breeze":2,"minecraft:cow":9},"minecraft:broken":{"minecraft:leather_helmet":1,"minecraft:iron_shovel":1,"minecraft:wooden_pickaxe":1,"minecraft:stone_pickaxe":1,"minecraft:wooden_axe":3,"minecraft:stone_shovel":1},"minecraft:picked_up":{"minecraft:coarse_dirt":39,"minecraft:iron_chestplate":1,"minecraft:crafting_table":9,"minecraft:wheat":2,"minecraft:potion":2,"minecraft:brick":37,"minecraft:string":8,"minecraft:raw_copper":7,"minecraft:acacia_door":1,"universal_graves:grave_compass":1,"minecraft:beetroot":3,"minecraft:cobbled_deepslate":167,"minecraft:beef":19,"minecraft:trial_key":1,"sawmill:sawmill":2,"minecraft:jungle_sapling":10,"minecraft:poppy":11,"minecraft:melon_slice":103,"minecraft:sugar_cane":21,"minecraft:chest":1,"minecraft:waxed_oxidized_copper":2,"minecraft:furnace":2,"minecraft:stick":52,"minecraft:raw_iron":105,"minecraft:sandstone":41,"minecraft:acacia_fence":10,"minecraft:copper_ingot":1,"minecraft:acacia_log":173,"minecraft:waxed_copper_grate":10,"minecraft:redstone":7,"minecraft:stone_sword":1,"minecraft:arrow":18,"minecraft:rotten_flesh":69,"minecraft:decorated_pot":6,"minecraft:hay_block":8,"minecraft:tuff_bricks":13,"minecraft:glow_berries":2,"minecraft:snowball":1,"minecraft:cobblestone":65,"minecraft:jungle_boat":2,"minecraft:cooked_beef":13,"minecraft:glow_ink_sac":1,"minecraft:jungle_log":156,"minecraft:acacia_leaves":43,"minecraft:leather":8,"minecraft:flint":1,"minecraft:tuff":17,"minecraft:oak_log":9,"minecraft:gunpowder":15,"minecraft:lapis_lazuli":49,"minecraft:dirt":351,"basicweapons:iron_club":1,"minecraft:bone":27,"minecraft:acacia_planks":44,"minecraft:bow":1,"minecraft:wheat_seeds":73,"minecraft:raw_gold":20,"minecraft:cobbled_deepslate_slab":1,"minecraft:bell":2,"minecraft:iron_ingot":5,"minecraft:bolt_armor_trim_smithing_template":3,"minecraft:moss_block":2,"minecraft:acacia_sapling":58,"minecraft:dandelion":1,"minecraft:gravel":7,"minecraft:sand":24,"toughasnails:leather_water_canteen":1,"minecraft:acacia_stairs":8,"minecraft:red_terracotta":2,"minecraft:spider_eye":5,"minecraft:stripped_acacia_log":2,"minecraft:diamond":50,"minecraft:breeze_rod":3,"minecraft:painting":28,"minecraft:bread":5,"minecraft:emerald":4,"minecraft:brown_banner":9,"minecraft:acacia_slab":4,"minecraft:coal":188,"minecraft:chiseled_tuff_bricks":1},"minecraft:used":{"minecraft:tuff_bricks":9,"minecraft:stone_sword":47,"minecraft:iron_shovel":326,"minecraft:acacia_log":1,"minecraft:stone_shovel":139,"minecraft:poppy":1,"minecraft:chest":3,"minecraft:decorated_pot":6,"minecraft:shield":28,"minecraft:stone":2,"toughasnails:leaf_boots":1,"minecraft:bell":2,"minecraft:rotten_flesh":16,"minecraft:trial_key":1,"minecraft:dirt":333,"minecraft:waxed_copper_grate":1,"minecraft:acacia_sapling":58,"minecraft:wooden_axe":174,"minecraft:waxed_oxidized_copper":2,"minecraft:villager_spawn_egg":2,"minecraft:lantern":14,"minecraft:iron_axe":168,"minecraft:acacia_slab":18,"minecraft:barrel":3,"basicweapons:iron_quarterstaff":31,"toughasnails:leather_water_canteen":61,"minecraft:furnace":4,"minecraft:acacia_fence":56,"minecraft:cooked_beef":7,"minecraft:cobbled_deepslate":3,"minecraft:acacia_planks":56,"toughasnails:empty_leather_canteen":6,"minecraft:water_bucket":24,"minecraft:chiseled_bookshelf":2,"toughasnails:leaf_leggings":1,"toughasnails:charc_os":1,"minecraft:stone_pickaxe":46,"minecraft:wooden_pickaxe":43,"minecraft:sugar_cane":4,"minecraft:jungle_boat":3,"animal_feeding_trough:feeding_trough":5,"minecraft:crafting_table":10,"minecraft:brown_banner":14,"minecraft:painting":29,"minecraft:shears":43,"minecraft:diamond_pickaxe":192,"minecraft:flower_pot":2,"minecraft:acacia_stairs":8,"minecraft:acacia_door":1,"minecraft:melon_slice":210,"basicweapons:stone_club":51,"minecraft:bread":8,"minecraft:iron_pickaxe":69,"sawmill:sawmill":3,"toughasnails:ice_cream":1,"minecraft:red_terracotta":10,"minecraft:stone_axe":113,"minecraft:acacia_fence_gate":2,"minecraft:cobbled_deepslate_slab":26,"minecraft:cobblestone":12,"basicweapons:iron_hammer":95,"minecraft:bucket":22,"minecraft:glass_pane":2,"basicweapons:iron_spear":15,"minecraft:dandelion":1,"minecraft:coarse_dirt":35,"minecraft:bone_meal":6},"minecraft:crafted":{"minecraft:cobbled_deepslate_slab":60,"minecraft:stone_shovel":1,"minecraft:barrel":3,"minecraft:iron_nugget":117,"minecraft:furnace":2,"minecraft:bone_meal":6,"toughasnails:empty_leather_canteen":1,"toughasnails:leaf_leggings":1,"basicweapons:wooden_dagger":1,"minecraft:lantern":14,"basicweapons:iron_hammer":1,"minecraft:iron_axe":1,"minecraft:chiseled_bookshelf":2,"minecraft:chest":3,"minecraft:acacia_fence":39,"minecraft:jungle_fence":3,"basicweapons:iron_spear":1,"minecraft:flower_pot":2,"basicweapons:iron_quarterstaff":1,"minecraft:wheat":72,"minecraft:cooked_beef":19,"minecraft:sugar":2,"resource_backpacks:backpack_copper":1,"toughasnails:leaf_boots":1,"minecraft:acacia_wood":6,"minecraft:emerald":30,"minecraft:crafting_table":2,"toughasnails:leaf_chestplate":1,"minecraft:jungle_boat":1,"minecraft:acacia_slab":12,"basicweapons:iron_club":1,"minecraft:wooden_pickaxe":1,"minecraft:stripped_acacia_log":28,"minecraft:bowl":4,"toughasnails:charc_os":1,"minecraft:copper_ingot":7,"minecraft:stone_axe":1,"minecraft:jungle_slab":18,"minecraft:painting":1,"minecraft:air":0,"minecraft:jungle_planks":624,"toughasnails:ice_cream":1,"resource_backpacks:backpack_gold":1,"minecraft:white_wool":2,"minecraft:diamond_pickaxe":1,"minecraft:shield":1,"minecraft:stick":64,"minecraft:iron_ingot":88,"minecraft:iron_pickaxe":1,"minecraft:wooden_axe":3,"minecraft:stone_sword":1,"minecraft:iron_shovel":2,"minecraft:gold_ingot":13,"minecraft:armor_stand":7,"minecraft:acacia_planks":300,"animal_feeding_trough:feeding_trough":4,"minecraft:torch":33,"resource_backpacks:backpack_leather":1,"minecraft:shears":1,"sawmill:sawmill":1},"minecraft:mined":{"minecraft:tuff":19,"minecraft:deepslate_diamond_ore":5,"minecraft:jungle_leaves":1,"minecraft:cobbled_deepslate_slab":1,"minecraft:acacia_log":174,"minecraft:grass_block":233,"sawmill:sawmill":2,"minecraft:decorated_pot":14,"minecraft:jungle_log":156,"minecraft:acacia_slab":2,"minecraft:chiseled_tuff_bricks":1,"minecraft:moss_block":2,"animal_feeding_trough:feeding_trough":2,"minecraft:sandstone":41,"minecraft:tuff_bricks":13,"minecraft:hay_block":8,"minecraft:furnace":2,"minecraft:waxed_copper_grate":10,"minecraft:iron_ore":2,"minecraft:barrel":1,"minecraft:cobbled_deepslate":3,"minecraft:acacia_stairs":8,"minecraft:andesite":1,"minecraft:bell":2,"minecraft:vine":6,"minecraft:deepslate_iron_ore":4,"minecraft:stripped_acacia_log":2,"minecraft:stone":63,"minecraft:acacia_leaves":43,"minecraft:dandelion":1,"minecraft:crafting_table":9,"minecraft:short_grass":271,"minecraft:poppy":4,"minecraft:melon":21,"minecraft:chest":1,"minecraft:dead_bush":3,"minecraft:tall_grass":19,"minecraft:cobblestone":1,"minecraft:deepslate_gold_ore":2,"minecraft:sugar_cane":7,"minecraft:coarse_dirt":40,"minecraft:brown_wall_banner":3,"minecraft:oak_log":9,"minecraft:coal_ore":2,"minecraft:waxed_oxidized_copper":2,"minecraft:acacia_fence":10,"minecraft:gravel":9,"minecraft:sand":12,"minecraft:acacia_door":1,"minecraft:dirt":118,"minecraft:acacia_planks":10,"minecraft:deepslate":164},"minecraft:dropped":{"minecraft:bread":5,"minecraft:moss_block":2,"minecraft:cooked_beef":13,"minecraft:glow_ink_sac":1,"basicweapons:stone_club":1,"minecraft:jungle_fence":1,"minecraft:snowball":1,"basicweapons:iron_club":1,"minecraft:sand":12,"minecraft:bolt_armor_trim_smithing_template":2,"minecraft:acacia_planks":32,"toughasnails:leather_water_canteen":1,"minecraft:tuff_bricks":4,"toughasnails:leaf_chestplate":1,"minecraft:chiseled_tuff_bricks":1,"minecraft:coarse_dirt":4,"minecraft:cobbled_deepslate":6,"minecraft:tuff":1,"minecraft:rotten_flesh":19,"universal_graves:grave_compass":1,"minecraft:poppy":2,"minecraft:gunpowder":6,"minecraft:acacia_slab":1,"minecraft:spider_eye":4,"minecraft:brick":1}},"DataVersion":3953}