{"stats":{"minecraft:used":{"minecraft:oak_fence":20,"minecraft:oak_trapdoor":1,"minecraft:netherite_sword":1,"minecraft:flint_and_steel":230,"minecraft:stone_shovel":56,"minecraft:ladder":2,"minecraft:poppy":2,"minecraft:chest":7,"minecraft:shield":187,"minecraft:white_terracotta":1,"minecraft:iron_sword":131,"minecraft:stone":7,"minecraft:zombie_spawn_egg":251,"minecraft:rotten_flesh":5,"minecraft:torch":3,"minecraft:dirt":92,"minecraft:anvil":3,"minecraft:skeleton_spawn_egg":1103,"minecraft:oak_fence_gate":3,"minecraft:wooden_axe":1,"minecraft:lava_bucket":160,"minecraft:oak_stairs":7,"minecraft:bow":17,"minecraft:oak_sapling":271,"minecraft:podzol":45,"minecraft:wheat_seeds":1,"minecraft:cow_spawn_egg":2,"minecraft:stone_pickaxe":83,"minecraft:oak_planks":5,"minecraft:iron_golem_spawn_egg":30,"minecraft:wooden_pickaxe":6,"minecraft:oak_leaves":3,"minecraft:sand":2,"minecraft:crafting_table":8,"minecraft:spruce_log":16,"minecraft:oak_log":45,"minecraft:bread":18,"minecraft:iron_pickaxe":31,"minecraft:spruce_sapling":139,"minecraft:stone_axe":65,"minecraft:bucket":34,"minecraft:dandelion":1,"minecraft:bone_meal":2920,"minecraft:splash_potion":17},"minecraft:killed_by":{"minecraft:creeper":2,"minecraft:spider":1,"minecraft:iron_golem":1,"minecraft:skeleton":22,"minecraft:zombie":4},"minecraft:custom":{"minecraft:mob_kills":660,"minecraft:interact_with_anvil":7,"minecraft:interact_with_crafting_table":34,"minecraft:bell_ring":4,"minecraft:leave_game":1,"minecraft:time_since_death":29480,"minecraft:climb_one_cm":186,"minecraft:sprint_one_cm":404540,"minecraft:walk_one_cm":645159,"minecraft:damage_blocked_by_shield":11865,"minecraft:drop":176,"minecraft:play_time":231952,"minecraft:deaths":36,"minecraft:sneak_time":5788,"minecraft:walk_under_water_one_cm":944,"minecraft:jump":2991,"minecraft:walk_on_water_one_cm":2757,"minecraft:total_world_time":231952,"minecraft:sleep_in_bed":2,"minecraft:time_since_rest":29500,"minecraft:damage_taken":11554,"minecraft:damage_dealt":9952,"minecraft:swim_one_cm":1512,"minecraft:fly_one_cm":1072384,"minecraft:open_chest":119,"minecraft:crouch_one_cm":6190,"minecraft:fall_one_cm":75645},"minecraft:dropped":{"minecraft:iron_sword":15,"minecraft:wheat_seeds":2,"minecraft:diamond_leggings":2,"minecraft:netherite_axe":1,"minecraft:netherite_helmet":2,"minecraft:netherite_chestplate":2,"minecraft:leather_helmet":1,"minecraft:torch":1,"minecraft:netherite_boots":2,"minecraft:diamond_helmet":2,"minecraft:bone_meal":2479,"minecraft:bone_block":64,"minecraft:string":7,"minecraft:dandelion":2,"minecraft:bone":1,"minecraft:stone_axe":1,"minecraft:netherite_sword":4,"minecraft:wheat":1,"minecraft:rotten_flesh":15,"minecraft:oak_planks":5,"minecraft:white_terracotta":1,"minecraft:flint_and_steel":1,"minecraft:netherite_leggings":2,"minecraft:poppy":5,"minecraft:leather_chestplate":1,"minecraft:stone":1,"minecraft:shield":1,"minecraft:diamond_chestplate":2,"minecraft:leather_boots":8,"minecraft:leather_leggings":2,"minecraft:diamond_boots":1,"minecraft:podzol":1,"minecraft:stone_pickaxe":1,"minecraft:wooden_pickaxe":2},"minecraft:killed":{"minecraft:giant":2,"minecraft:spider":1,"minecraft:skeleton":639,"minecraft:iron_golem":2,"minecraft:creeper":3,"minecraft:zombie":8},"minecraft:mined":{"minecraft:oak_sapling":17,"minecraft:grass_block":18,"minecraft:spruce_leaves":3,"minecraft:hay_block":51,"minecraft:spruce_sapling":12,"minecraft:iron_ore":5,"minecraft:oak_stairs":2,"minecraft:stone":70,"minecraft:podzol":7,"minecraft:dandelion":2,"minecraft:crafting_table":6,"minecraft:torch":2,"minecraft:emerald_ore":1,"minecraft:poppy":1,"minecraft:tall_grass":11,"minecraft:oak_planks":6,"minecraft:wall_torch":1,"minecraft:white_terracotta":1,"minecraft:wheat":1,"minecraft:grass":27,"minecraft:oak_log":9,"minecraft:coal_ore":43,"minecraft:dirt":30,"minecraft:sand":36,"minecraft:oak_leaves":60},"minecraft:crafted":{"minecraft:oak_planks":212,"minecraft:stone_shovel":1,"minecraft:bone_meal":7276,"minecraft:bow":2,"minecraft:stone_pickaxe":1,"minecraft:chest":4,"minecraft:wheat":135,"minecraft:bone_block":592,"minecraft:crafting_table":2,"minecraft:wooden_pickaxe":1,"minecraft:hay_block":15,"minecraft:stone_axe":1,"minecraft:oak_fence_gate":3,"minecraft:shield":4,"minecraft:stick":24,"minecraft:wooden_axe":1,"minecraft:torch":12},"minecraft:picked_up":{"minecraft:crafting_table":6,"minecraft:wheat":1,"minecraft:wooden_pickaxe":1,"minecraft:oak_stairs":2,"minecraft:shield":1,"minecraft:string":9,"minecraft:diamond_leggings":1,"minecraft:netherite_sword":3,"minecraft:poppy":9,"minecraft:birch_sapling":4,"minecraft:egg":1,"minecraft:golden_helmet":2,"minecraft:stick":4,"minecraft:raw_iron":5,"minecraft:torch":5,"minecraft:golden_chestplate":2,"minecraft:rotten_flesh":97,"minecraft:arrow":1820,"minecraft:diamond_chestplate":1,"minecraft:diamond_boots":1,"minecraft:hay_block":51,"minecraft:white_terracotta":1,"minecraft:netherite_chestplate":1,"minecraft:bone_block":64,"minecraft:cobblestone":69,"minecraft:birch_log":7,"minecraft:netherite_boots":1,"minecraft:leather_chestplate":1,"minecraft:golden_leggings":2,"minecraft:oak_log":82,"minecraft:gunpowder":2,"minecraft:netherite_leggings":1,"minecraft:dirt":120,"minecraft:bone":1684,"minecraft:apple":1,"minecraft:bow":63,"minecraft:wheat_seeds":5,"minecraft:iron_ingot":38,"minecraft:stone_pickaxe":1,"minecraft:netherite_axe":1,"minecraft:diamond_helmet":1,"minecraft:oak_planks":17,"minecraft:iron_sword":3,"minecraft:dandelion":3,"minecraft:sand":34,"minecraft:spruce_sapling":13,"minecraft:netherite_helmet":1,"minecraft:stone_axe":1,"minecraft:bone_meal":2195,"minecraft:oak_sapling":37,"minecraft:coal":42},"minecraft:broken":{"minecraft:iron_boots":1,"minecraft:shield":4,"minecraft:iron_helmet":1}},"DataVersion":3465}