{"stats":{"minecraft:used":{"minecraft:nether_brick_fence":1,"minecraft:iron_shovel":96,"minecraft:poppy":2,"minecraft:diamond_hoe":257,"minecraft:ladder":12,"minecraft:decorated_pot":1,"minecraft:chest":9,"minecraft:shield":60,"minecraft:white_terracotta":65,"minecraft:zombie_spawn_egg":2,"minecraft:bell":3,"minecraft:rotten_flesh":1,"minecraft:iron_chestplate":1,"minecraft:jungle_slab":3,"minecraft:waxed_copper_grate":18,"minecraft:obsidian":15,"minecraft:lava_bucket":11,"minecraft:villager_spawn_egg":26,"minecraft:lantern":21,"minecraft:grass_block":13,"minecraft:light_blue_bed":1,"minecraft:crimson_roots":1,"minecraft:item_frame":2,"basicweapons:iron_quarterstaff":23,"minecraft:bow":4,"toughasnails:leather_water_canteen":59,"minecraft:furnace":4,"minecraft:acacia_fence":84,"minecraft:diorite":12,"minecraft:leather_leggings":1,"minecraft:acacia_trapdoor":78,"minecraft:composter":2,"minecraft:glow_berries":2,"minecraft:yellow_terracotta":254,"basicweapons:diamond_hammer":533,"minecraft:blast_furnace":1,"minecraft:light_gray_terracotta":13,"minecraft:shears":1,"minecraft:acacia_door":16,"minecraft:melon_slice":52,"minecraft:bread":7,"toughasnails:empty_diamond_canteen":4,"minecraft:red_terracotta":394,"minecraft:soul_lantern":1,"minecraft:chiseled_tuff_bricks":1,"minecraft:nether_wart_block":2,"basicweapons:iron_hammer":132,"minecraft:grindstone":1,"minecraft:coarse_dirt":12,"minecraft:bone_meal":51,"toughasnails:thermoregulator":2,"minecraft:enchanting_table":2,"minecraft:acacia_log":357,"minecraft:flint_and_steel":16,"toughasnails:leaf_helmet":1,"toughasnails:water_purifier":5,"minecraft:carved_pumpkin":2,"minecraft:armor_stand":2,"minecraft:trial_key":5,"minecraft:cooked_chicken":1,"minecraft:torch":11,"minecraft:dirt":2205,"minecraft:anvil":2,"toughasnails:diamond_purified_water_canteen":43,"minecraft:diamond_helmet":2,"minecraft:orange_candle":45,"minecraft:brown_terracotta":124,"minecraft:dark_oak_planks":1,"minecraft:bookshelf":62,"minecraft:iron_axe":799,"minecraft:acacia_slab":512,"minecraft:bamboo_hanging_sign":1,"minecraft:barrel":17,"minecraft:diamond_chestplate":1,"advancednetherite:netherite_diamond_shovel":1673,"minecraft:acacia_wood":33,"minecraft:cooked_beef":70,"minecraft:acacia_planks":838,"minecraft:cobbled_deepslate":168,"minecraft:orange_terracotta":352,"minecraft:pumpkin":1,"minecraft:bamboo_planks":1,"toughasnails:empty_leather_canteen":8,"minecraft:pointed_dripstone":4,"minecraft:wheat_seeds":107,"minecraft:water_bucket":70,"toughasnails:leaf_leggings":1,"minecraft:snow_block":4,"minecraft:baked_potato":11,"minecraft:cauldron":2,"minecraft:stonecutter":1,"minecraft:cobblestone_slab":27,"minecraft:snow_golem_spawn_egg":12,"minecraft:terracotta":1371,"minecraft:crafting_table":17,"minecraft:red_bed":9,"toughasnails:diamond_water_canteen":22,"minecraft:brown_banner":34,"minecraft:painting":139,"minecraft:cake":1,"minecraft:flower_pot":5,"minecraft:acacia_stairs":662,"minecraft:diamond_pickaxe":1571,"toughasnails:temperature_gauge":7,"toughasnails:ice_cream":23,"minecraft:acacia_fence_gate":4,"minecraft:cobblestone":107,"minecraft:cobbled_deepslate_slab":120,"minecraft:bucket":79,"minecraft:glass_pane":111,"minecraft:diamond_leggings":1},"minecraft:crafted":{"minecraft:smooth_stone":3,"minecraft:cobblestone_slab":18,"minecraft:blaze_powder":14,"toughasnails:temperature_gauge":1,"minecraft:stone":6,"minecraft:bookshelf":2,"minecraft:bow":4,"minecraft:chest":1,"toughasnails:leaf_helmet":1,"minecraft:acacia_fence":60,"minecraft:bricks":3,"minecraft:ender_eye":7,"toughasnails:thermometer":1,"minecraft:acacia_wood":15,"minecraft:emerald":28,"minecraft:cauldron":2,"minecraft:crafting_table":3,"minecraft:acacia_slab":30,"toughasnails:ice_cream":4,"minecraft:book":7,"minecraft:paper":21,"minecraft:iron_ingot":26,"minecraft:snow_block":3,"minecraft:iron_block":3,"minecraft:gold_ingot":7,"resource_backpacks:backpack_iron":1,"resource_backpacks:backpack_diamond":1,"minecraft:composter":2,"minecraft:cobbled_deepslate_slab":20,"minecraft:iron_nugget":180,"minecraft:diamond_hoe":1,"minecraft:acacia_fence_gate":3,"minecraft:furnace":1,"minecraft:blast_furnace":1,"minecraft:bone_meal":51,"minecraft:flint_and_steel":1,"minecraft:lantern":22,"minecraft:stone_pickaxe":1,"basicweapons:diamond_hammer":2,"minecraft:brick_slab":6,"minecraft:lead":2,"minecraft:cooked_beef":239,"minecraft:sugar":8,"toughasnails:empty_diamond_canteen":2,"minecraft:acacia_trapdoor":18,"minecraft:bowl":4,"minecraft:acacia_stairs":68,"minecraft:stone_axe":3,"minecraft:air":0,"minecraft:wooden_axe":1,"minecraft:stonecutter":1,"minecraft:anvil":1,"minecraft:acacia_planks":504,"minecraft:torch":48},"minecraft:picked_up":{"toughasnails:leaf_leggings":1,"minecraft:iron_chestplate":5,"minecraft:wheat":252,"minecraft:nether_brick_fence":1,"minecraft:flower_pot":4,"minecraft:golden_sword":2,"minecraft:string":72,"toughasnails:ice_cream":5,"minecraft:diamond_leggings":2,"minecraft:gold_nugget":3,"minecraft:cobbled_deepslate":62,"minecraft:bucket":8,"toughasnails:leaf_boots":1,"minecraft:acacia_fence_gate":2,"minecraft:trial_key":10,"minecraft:cobblestone_slab":13,"minecraft:iron_pickaxe":1,"minecraft:melon_slice":52,"minecraft:furnace":2,"minecraft:tipped_arrow":28,"minecraft:golden_helmet":2,"minecraft:stick":222,"minecraft:brown_terracotta":187,"minecraft:acacia_log":494,"minecraft:porkchop":12,"minecraft:golden_axe":1,"minecraft:waxed_copper_grate":28,"minecraft:pointed_dripstone":2,"minecraft:diorite":12,"minecraft:stone_sword":2,"minecraft:rotten_flesh":198,"minecraft:carved_pumpkin":1,"minecraft:iron_block":1,"minecraft:white_terracotta":65,"basicweapons:diamond_hammer":4,"minecraft:blaze_rod":25,"minecraft:obsidian":9,"minecraft:snowball":88,"minecraft:cobblestone":204,"minecraft:enchanting_table":1,"minecraft:cooked_beef":22,"minecraft:water_bucket":2,"minecraft:golden_leggings":2,"minecraft:potato":1,"minecraft:tuff":26,"minecraft:lapis_lazuli":55,"minecraft:dirt":1943,"minecraft:leather_boots":1,"minecraft:bone":276,"minecraft:acacia_planks":130,"basicweapons:iron_spear":1,"minecraft:bow":8,"minecraft:wheat_seeds":373,"minecraft:cobbled_deepslate_slab":50,"minecraft:diamond_helmet":1,"minecraft:scrape_pottery_sherd":3,"basicweapons:iron_hammer":2,"minecraft:sand":4,"minecraft:grass_block":1,"minecraft:dead_bush":1,"toughasnails:leather_water_canteen":1,"minecraft:acacia_stairs":14,"minecraft:red_terracotta":93,"minecraft:light_gray_terracotta":22,"minecraft:crossbow":1,"minecraft:breeze_rod":10,"minecraft:bread":11,"minecraft:emerald":33,"minecraft:crimson_roots":2,"minecraft:diamond_pickaxe":1,"minecraft:crafting_table":11,"minecraft:coarse_dirt":193,"toughasnails:temperature_gauge":7,"resource_backpacks:backpack_gold":1,"minecraft:ominous_bottle":2,"minecraft:leather_leggings":3,"minecraft:brick":124,"minecraft:shield":1,"minecraft:wind_charge":1,"minecraft:acacia_door":5,"minecraft:iron_axe":5,"minecraft:flint_and_steel":1,"minecraft:iron_shovel":2,"toughasnails:thermoregulator":2,"minecraft:beef":336,"minecraft:iron_nugget":1,"minecraft:poppy":4,"minecraft:guster_pottery_sherd":5,"minecraft:sugar_cane":32,"minecraft:chest":5,"minecraft:phantom_membrane":62,"minecraft:raw_iron":17,"minecraft:bamboo_hanging_sign":5,"minecraft:fire_charge":30,"minecraft:flow_pottery_sherd":3,"minecraft:dark_oak_planks":1,"minecraft:arrow":183,"minecraft:diamond_chestplate":2,"minecraft:decorated_pot":1,"minecraft:shears":1,"minecraft:diamond_boots":1,"minecraft:yellow_terracotta":78,"minecraft:totem_of_undying":1,"minecraft:gold_ingot":2,"basicweapons:iron_quarterstaff":1,"advancednetherite:netherite_diamond_shovel":2,"minecraft:leather":266,"minecraft:red_mushroom":6,"minecraft:nether_wart_block":3,"minecraft:gunpowder":24,"minecraft:orange_terracotta":107,"minecraft:apple":4,"minecraft:acacia_trapdoor":10,"minecraft:iron_ingot":19,"minecraft:cooked_chicken":2,"minecraft:acacia_sapling":176,"minecraft:book":43,"minecraft:emerald_block":1,"minecraft:bamboo_planks":1,"minecraft:dandelion":3,"minecraft:gravel":7,"toughasnails:empty_leather_canteen":1,"minecraft:orange_candle":8,"minecraft:spider_eye":32,"minecraft:leather_helmet":1,"minecraft:pumpkin_seeds":4,"minecraft:slime_ball":55,"minecraft:painting":1,"minecraft:terracotta":667,"minecraft:baked_potato":2,"minecraft:acacia_slab":38,"minecraft:coal":103,"minecraft:chiseled_tuff_bricks":1,"minecraft:ender_pearl":1},"minecraft:killed_by":{"minecraft:zombie":1,"minecraft:spider":1,"minecraft:skeleton":7},"minecraft:custom":{"minecraft:interact_with_crafting_table":49,"minecraft:open_barrel":112,"minecraft:bell_ring":8,"minecraft:leave_game":3,"minecraft:time_since_death":419872,"minecraft:sprint_one_cm":1733767,"minecraft:damage_blocked_by_shield":3345,"minecraft:drop":171,"minecraft:talked_to_villager":17,"minecraft:play_time":619603,"minecraft:deaths":10,"minecraft:jump":9979,"minecraft:walk_on_water_one_cm":21156,"minecraft:enchant_item":29,"minecraft:interact_with_furnace":16,"minecraft:traded_with_villager":19,"minecraft:sleep_in_bed":7,"minecraft:damage_dealt":72965,"minecraft:crouch_one_cm":16627,"minecraft:interact_with_smoker":25,"minecraft:use_cauldron":9,"minecraft:inspect_dispenser":17,"minecraft:mob_kills":496,"minecraft:interact_with_anvil":22,"minecraft:climb_one_cm":37644,"minecraft:walk_one_cm":1916665,"minecraft:sneak_time":8201,"minecraft:walk_under_water_one_cm":3169,"minecraft:interact_with_blast_furnace":8,"minecraft:total_world_time":619603,"minecraft:pot_flower":3,"minecraft:interact_with_grindstone":16,"minecraft:interact_with_stonecutter":12,"minecraft:time_since_rest":6927,"minecraft:damage_taken":9058,"minecraft:swim_one_cm":722,"minecraft:fly_one_cm":1872527,"minecraft:open_chest":37,"minecraft:fall_one_cm":179019},"minecraft:dropped":{"minecraft:lapis_lazuli":55,"minecraft:cooked_beef":34,"minecraft:red_mushroom":6,"minecraft:dirt":1111,"toughasnails:ice_cream":12,"minecraft:gold_nugget":1,"minecraft:acacia_door":1,"minecraft:bone":251,"minecraft:iron_nugget":9,"minecraft:rotten_flesh":60,"basicweapons:diamond_hammer":3,"basicweapons:wooden_dagger":1,"minecraft:gunpowder":9,"minecraft:chest":2,"minecraft:leather_leggings":1,"toughasnails:empty_diamond_canteen":1,"minecraft:arrow":2,"minecraft:water_bucket":1,"minecraft:wheat_seeds":229,"minecraft:diamond_leggings":3,"minecraft:cobblestone":6,"minecraft:golden_axe":1,"minecraft:book":19,"minecraft:grass_block":1,"minecraft:coal":10,"minecraft:stick":39,"minecraft:iron_block":1,"minecraft:wooden_axe":1,"minecraft:nether_wart_block":1,"minecraft:diamond_helmet":2,"minecraft:iron_axe":5,"advancednetherite:netherite_diamond_shovel":2,"minecraft:iron_shovel":1,"minecraft:bucket":6,"minecraft:flow_pottery_sherd":2,"minecraft:coarse_dirt":12,"minecraft:stone_sword":3,"minecraft:bamboo_hanging_sign":2,"minecraft:light_gray_terracotta":2,"minecraft:bowl":4,"minecraft:tuff":26,"minecraft:totem_of_undying":1,"minecraft:flint_and_steel":1,"minecraft:flower_pot":2,"minecraft:diamond_chestplate":2,"basicweapons:iron_quarterstaff":1,"minecraft:iron_chestplate":3,"minecraft:golden_sword":2,"minecraft:spider_eye":6,"minecraft:diamond_boots":2,"minecraft:slime_ball":5,"minecraft:brick":1},"minecraft:killed":{"minecraft:cave_spider":3,"minecraft:zombified_piglin":2,"minecraft:spider":42,"minecraft:skeleton":54,"minecraft:piglin":2,"minecraft:zombie_villager":4,"minecraft:iron_golem":1,"minecraft:creeper":18,"minecraft:pillager":2,"minecraft:zombie":83,"minecraft:stray":5,"minecraft:blaze":30,"minecraft:cow":113,"minecraft:bogged":5,"minecraft:slime":66,"minecraft:phantom":31,"minecraft:snow_golem":1,"minecraft:hoglin":3,"minecraft:breeze":4,"minecraft:wither_skeleton":2,"minecraft:villager":2,"minecraft:enderman":3},"minecraft:mined":{"minecraft:dark_oak_planks":1,"minecraft:farmland":1,"minecraft:sculk_vein":4,"minecraft:carved_pumpkin":1,"minecraft:obsidian":9,"minecraft:potted_dead_bush":1,"minecraft:acacia_log":499,"minecraft:grass_block":806,"minecraft:orange_candle":4,"minecraft:chiseled_tuff_bricks":1,"minecraft:weeping_vines_plant":1,"universal_graves:grave":1,"minecraft:bamboo_wall_hanging_sign":1,"minecraft:cobbled_deepslate":6,"minecraft:fire":26,"toughasnails:temperature_gauge":7,"minecraft:pointed_dripstone":1,"minecraft:dirt_path":10,"minecraft:orange_terracotta":104,"minecraft:light_gray_terracotta":20,"minecraft:poppy":2,"minecraft:chest":3,"minecraft:dead_bush":47,"minecraft:cobblestone":89,"minecraft:sugar_cane":16,"minecraft:white_terracotta":65,"minecraft:bamboo_planks":1,"minecraft:nether_wart_block":3,"minecraft:wheat":38,"minecraft:sand":5,"minecraft:dirt":614,"toughasnails:thermoregulator":2,"minecraft:yellow_terracotta":78,"minecraft:cobbled_deepslate_slab":20,"minecraft:decorated_pot":34,"minecraft:crimson_roots":2,"minecraft:acacia_slab":36,"minecraft:furnace":2,"minecraft:acacia_trapdoor":11,"minecraft:waxed_copper_grate":19,"minecraft:snow":22,"minecraft:acacia_stairs":11,"minecraft:nether_brick_fence":1,"minecraft:bookshelf":8,"minecraft:cobblestone_slab":12,"minecraft:stone":115,"minecraft:acacia_leaves":17,"easymagic:enchanting_table":1,"minecraft:dandelion":3,"minecraft:crafting_table":10,"minecraft:short_grass":285,"minecraft:tall_grass":9,"minecraft:diorite":12,"minecraft:red_terracotta":97,"minecraft:coarse_dirt":183,"minecraft:acacia_fence_gate":1,"minecraft:coal_ore":4,"minecraft:flower_pot":1,"minecraft:acacia_door":2,"minecraft:brown_terracotta":192,"minecraft:terracotta":670,"minecraft:acacia_planks":125}},"DataVersion":3953}