{"stats":{"minecraft:used":{"minecraft:nether_brick_fence":1,"minecraft:iron_shovel":96,"minecraft:diamond_hoe":220,"minecraft:ladder":12,"minecraft:decorated_pot":1,"minecraft:chest":9,"minecraft:shield":55,"minecraft:white_terracotta":65,"minecraft:zombie_spawn_egg":2,"minecraft:bell":3,"minecraft:rotten_flesh":1,"minecraft:iron_chestplate":1,"minecraft:jungle_slab":2,"minecraft:waxed_copper_grate":18,"minecraft:obsidian":15,"minecraft:lava_bucket":11,"minecraft:villager_spawn_egg":26,"minecraft:lantern":21,"minecraft:grass_block":13,"minecraft:light_blue_bed":1,"minecraft:item_frame":2,"basicweapons:iron_quarterstaff":23,"minecraft:bow":4,"toughasnails:leather_water_canteen":59,"minecraft:furnace":4,"minecraft:acacia_fence":72,"minecraft:leather_leggings":1,"minecraft:acacia_trapdoor":76,"minecraft:composter":2,"minecraft:glow_berries":2,"minecraft:yellow_terracotta":254,"basicweapons:diamond_hammer":436,"minecraft:blast_furnace":1,"minecraft:light_gray_terracotta":13,"minecraft:acacia_door":16,"minecraft:bread":7,"minecraft:melon_slice":52,"toughasnails:empty_diamond_canteen":3,"minecraft:red_terracotta":394,"minecraft:soul_lantern":1,"minecraft:chiseled_tuff_bricks":1,"minecraft:nether_wart_block":2,"basicweapons:iron_hammer":132,"minecraft:grindstone":1,"minecraft:coarse_dirt":11,"minecraft:bone_meal":51,"minecraft:enchanting_table":2,"minecraft:acacia_log":357,"minecraft:flint_and_steel":12,"toughasnails:leaf_helmet":1,"toughasnails:water_purifier":5,"minecraft:armor_stand":2,"minecraft:cooked_chicken":1,"minecraft:trial_key":5,"minecraft:torch":11,"minecraft:dirt":2182,"minecraft:anvil":2,"toughasnails:diamond_purified_water_canteen":30,"minecraft:orange_candle":37,"minecraft:dark_oak_planks":1,"minecraft:brown_terracotta":124,"minecraft:bookshelf":62,"minecraft:iron_axe":566,"minecraft:acacia_slab":511,"minecraft:bamboo_hanging_sign":1,"minecraft:barrel":17,"minecraft:diamond_chestplate":1,"advancednetherite:netherite_diamond_shovel":1625,"minecraft:acacia_wood":33,"minecraft:cooked_beef":54,"minecraft:acacia_planks":776,"minecraft:cobbled_deepslate":168,"minecraft:orange_terracotta":352,"minecraft:bamboo_planks":1,"minecraft:pointed_dripstone":4,"toughasnails:empty_leather_canteen":8,"minecraft:wheat_seeds":68,"minecraft:water_bucket":68,"toughasnails:leaf_leggings":1,"minecraft:baked_potato":11,"minecraft:cauldron":2,"minecraft:stonecutter":1,"minecraft:cobblestone_slab":27,"minecraft:terracotta":1368,"minecraft:crafting_table":16,"minecraft:red_bed":9,"toughasnails:diamond_water_canteen":20,"minecraft:brown_banner":34,"minecraft:painting":139,"minecraft:flower_pot":5,"minecraft:acacia_stairs":662,"minecraft:diamond_pickaxe":1509,"toughasnails:ice_cream":18,"minecraft:acacia_fence_gate":4,"minecraft:cobblestone":83,"minecraft:cobbled_deepslate_slab":22,"minecraft:bucket":77,"minecraft:glass_pane":111,"minecraft:diamond_leggings":1},"minecraft:crafted":{"minecraft:smooth_stone":3,"minecraft:cobblestone_slab":18,"minecraft:blaze_powder":14,"minecraft:stone":6,"minecraft:bookshelf":2,"minecraft:bow":4,"minecraft:chest":1,"toughasnails:leaf_helmet":1,"minecraft:acacia_fence":48,"minecraft:ender_eye":7,"minecraft:acacia_wood":15,"minecraft:emerald":28,"minecraft:cauldron":2,"minecraft:crafting_table":2,"minecraft:acacia_slab":30,"toughasnails:ice_cream":4,"minecraft:book":7,"minecraft:paper":21,"minecraft:iron_ingot":26,"minecraft:iron_block":3,"minecraft:gold_ingot":7,"resource_backpacks:backpack_iron":1,"resource_backpacks:backpack_diamond":1,"minecraft:composter":2,"minecraft:cobbled_deepslate_slab":20,"minecraft:iron_nugget":180,"minecraft:diamond_hoe":1,"minecraft:acacia_fence_gate":3,"minecraft:furnace":1,"minecraft:blast_furnace":1,"minecraft:bone_meal":51,"minecraft:flint_and_steel":1,"minecraft:lantern":22,"minecraft:stone_pickaxe":1,"basicweapons:diamond_hammer":2,"minecraft:lead":2,"minecraft:cooked_beef":182,"minecraft:sugar":8,"toughasnails:empty_diamond_canteen":2,"minecraft:acacia_trapdoor":18,"minecraft:bowl":4,"minecraft:acacia_stairs":68,"minecraft:stone_axe":3,"minecraft:air":0,"minecraft:wooden_axe":1,"minecraft:stonecutter":1,"minecraft:anvil":1,"minecraft:acacia_planks":504,"minecraft:torch":48},"minecraft:picked_up":{"toughasnails:leaf_leggings":1,"minecraft:iron_chestplate":5,"minecraft:wheat":158,"minecraft:nether_brick_fence":1,"minecraft:flower_pot":4,"minecraft:golden_sword":2,"minecraft:string":57,"toughasnails:ice_cream":5,"minecraft:diamond_leggings":2,"minecraft:gold_nugget":3,"minecraft:cobbled_deepslate":62,"minecraft:bucket":8,"toughasnails:leaf_boots":1,"minecraft:acacia_fence_gate":2,"minecraft:trial_key":10,"minecraft:cobblestone_slab":13,"minecraft:iron_pickaxe":1,"minecraft:melon_slice":52,"minecraft:furnace":2,"minecraft:golden_helmet":1,"minecraft:tipped_arrow":28,"minecraft:stick":181,"minecraft:brown_terracotta":187,"minecraft:acacia_log":343,"minecraft:golden_axe":1,"minecraft:pointed_dripstone":2,"minecraft:waxed_copper_grate":28,"minecraft:diorite":12,"minecraft:stone_sword":2,"minecraft:rotten_flesh":142,"minecraft:iron_block":1,"minecraft:white_terracotta":65,"basicweapons:diamond_hammer":4,"minecraft:blaze_rod":7,"minecraft:obsidian":9,"minecraft:cobblestone":174,"minecraft:enchanting_table":1,"minecraft:cooked_beef":21,"minecraft:water_bucket":2,"minecraft:golden_leggings":2,"minecraft:potato":1,"minecraft:tuff":26,"minecraft:dirt":1900,"minecraft:leather_boots":1,"minecraft:bone":261,"minecraft:acacia_planks":69,"basicweapons:iron_spear":1,"minecraft:bow":8,"minecraft:wheat_seeds":182,"minecraft:cobbled_deepslate_slab":37,"minecraft:diamond_helmet":1,"minecraft:scrape_pottery_sherd":3,"basicweapons:iron_hammer":2,"minecraft:grass_block":1,"minecraft:dead_bush":1,"toughasnails:leather_water_canteen":1,"minecraft:acacia_stairs":14,"minecraft:red_terracotta":93,"minecraft:light_gray_terracotta":22,"minecraft:crossbow":1,"minecraft:breeze_rod":10,"minecraft:bread":11,"minecraft:emerald":33,"minecraft:diamond_pickaxe":1,"minecraft:crafting_table":11,"minecraft:coarse_dirt":191,"resource_backpacks:backpack_gold":1,"minecraft:ominous_bottle":2,"minecraft:leather_leggings":1,"minecraft:shield":1,"minecraft:brick":123,"minecraft:wind_charge":1,"minecraft:flint_and_steel":1,"minecraft:acacia_door":5,"minecraft:iron_axe":5,"minecraft:iron_shovel":2,"minecraft:beef":239,"minecraft:iron_nugget":1,"minecraft:guster_pottery_sherd":5,"minecraft:sugar_cane":24,"minecraft:chest":5,"minecraft:phantom_membrane":62,"minecraft:raw_iron":17,"minecraft:bamboo_hanging_sign":5,"minecraft:fire_charge":30,"minecraft:flow_pottery_sherd":3,"minecraft:dark_oak_planks":1,"minecraft:arrow":158,"minecraft:diamond_chestplate":2,"minecraft:decorated_pot":1,"minecraft:shears":1,"minecraft:diamond_boots":1,"minecraft:yellow_terracotta":78,"minecraft:totem_of_undying":1,"minecraft:gold_ingot":2,"basicweapons:iron_quarterstaff":1,"advancednetherite:netherite_diamond_shovel":1,"minecraft:leather":189,"minecraft:red_mushroom":6,"minecraft:nether_wart_block":2,"minecraft:gunpowder":21,"minecraft:orange_terracotta":107,"minecraft:apple":4,"minecraft:acacia_trapdoor":10,"minecraft:iron_ingot":16,"minecraft:cooked_chicken":2,"minecraft:acacia_sapling":118,"minecraft:book":43,"minecraft:bamboo_planks":1,"minecraft:emerald_block":1,"minecraft:dandelion":3,"minecraft:gravel":7,"toughasnails:empty_leather_canteen":1,"minecraft:orange_candle":5,"minecraft:spider_eye":23,"minecraft:leather_helmet":1,"minecraft:slime_ball":55,"minecraft:painting":1,"minecraft:terracotta":667,"minecraft:baked_potato":2,"minecraft:acacia_slab":37,"minecraft:coal":36,"minecraft:chiseled_tuff_bricks":1,"minecraft:ender_pearl":1},"minecraft:killed_by":{"minecraft:zombie":1,"minecraft:spider":1,"minecraft:skeleton":7},"minecraft:custom":{"minecraft:interact_with_crafting_table":44,"minecraft:open_barrel":89,"minecraft:bell_ring":8,"minecraft:leave_game":1,"minecraft:time_since_death":334167,"minecraft:sprint_one_cm":1515219,"minecraft:damage_blocked_by_shield":2970,"minecraft:drop":156,"minecraft:talked_to_villager":14,"minecraft:play_time":533898,"minecraft:deaths":10,"minecraft:jump":8387,"minecraft:walk_on_water_one_cm":19297,"minecraft:enchant_item":28,"minecraft:interact_with_furnace":16,"minecraft:traded_with_villager":19,"minecraft:sleep_in_bed":2,"minecraft:damage_dealt":57967,"minecraft:crouch_one_cm":9996,"minecraft:interact_with_smoker":21,"minecraft:use_cauldron":9,"minecraft:inspect_dispenser":17,"minecraft:mob_kills":411,"minecraft:interact_with_anvil":21,"minecraft:climb_one_cm":27996,"minecraft:walk_one_cm":1678493,"minecraft:sneak_time":5529,"minecraft:walk_under_water_one_cm":3169,"minecraft:interact_with_blast_furnace":8,"minecraft:total_world_time":533898,"minecraft:pot_flower":3,"minecraft:interact_with_grindstone":14,"minecraft:interact_with_stonecutter":11,"minecraft:time_since_rest":207830,"minecraft:damage_taken":7853,"minecraft:swim_one_cm":722,"minecraft:fly_one_cm":1555628,"minecraft:open_chest":33,"minecraft:fall_one_cm":143161},"minecraft:dropped":{"minecraft:cooked_beef":33,"minecraft:red_mushroom":6,"minecraft:dirt":1091,"toughasnails:ice_cream":10,"minecraft:gold_nugget":1,"minecraft:acacia_door":1,"minecraft:bone":251,"minecraft:iron_nugget":9,"minecraft:rotten_flesh":60,"basicweapons:diamond_hammer":3,"basicweapons:wooden_dagger":1,"minecraft:gunpowder":9,"minecraft:chest":2,"toughasnails:empty_diamond_canteen":1,"minecraft:arrow":2,"minecraft:water_bucket":1,"minecraft:wheat_seeds":77,"minecraft:diamond_leggings":3,"minecraft:golden_axe":1,"minecraft:book":19,"minecraft:grass_block":1,"minecraft:coal":2,"minecraft:stick":39,"minecraft:iron_block":1,"minecraft:wooden_axe":1,"minecraft:diamond_helmet":2,"minecraft:iron_axe":5,"advancednetherite:netherite_diamond_shovel":2,"minecraft:iron_shovel":1,"minecraft:bucket":6,"minecraft:flow_pottery_sherd":2,"minecraft:coarse_dirt":12,"minecraft:stone_sword":3,"minecraft:light_gray_terracotta":2,"minecraft:bamboo_hanging_sign":2,"minecraft:bowl":4,"minecraft:tuff":26,"minecraft:totem_of_undying":1,"minecraft:flint_and_steel":1,"minecraft:flower_pot":2,"minecraft:diamond_chestplate":2,"basicweapons:iron_quarterstaff":1,"minecraft:iron_chestplate":3,"minecraft:golden_sword":2,"minecraft:spider_eye":6,"minecraft:diamond_boots":2,"minecraft:slime_ball":5},"minecraft:killed":{"minecraft:cave_spider":3,"minecraft:zombified_piglin":2,"minecraft:spider":37,"minecraft:skeleton":45,"minecraft:zombie_villager":4,"minecraft:creeper":17,"minecraft:pillager":2,"minecraft:zombie":60,"minecraft:stray":5,"minecraft:blaze":22,"minecraft:cow":85,"minecraft:bogged":4,"minecraft:slime":66,"minecraft:phantom":31,"minecraft:breeze":4,"minecraft:wither_skeleton":2,"minecraft:villager":2,"minecraft:enderman":2},"minecraft:mined":{"minecraft:dark_oak_planks":1,"minecraft:farmland":1,"minecraft:sculk_vein":4,"minecraft:obsidian":9,"minecraft:potted_dead_bush":1,"minecraft:acacia_log":348,"minecraft:grass_block":776,"minecraft:orange_candle":2,"minecraft:chiseled_tuff_bricks":1,"universal_graves:grave":1,"minecraft:bamboo_wall_hanging_sign":1,"minecraft:cobbled_deepslate":6,"minecraft:fire":23,"minecraft:pointed_dripstone":1,"minecraft:dirt_path":10,"minecraft:orange_terracotta":104,"minecraft:light_gray_terracotta":20,"minecraft:poppy":1,"minecraft:chest":3,"minecraft:dead_bush":47,"minecraft:cobblestone":85,"minecraft:sugar_cane":12,"minecraft:white_terracotta":65,"minecraft:bamboo_planks":1,"minecraft:nether_wart_block":2,"minecraft:wheat":1,"minecraft:dirt":599,"minecraft:yellow_terracotta":78,"minecraft:cobbled_deepslate_slab":1,"minecraft:decorated_pot":34,"minecraft:acacia_slab":35,"minecraft:furnace":2,"minecraft:acacia_trapdoor":11,"minecraft:waxed_copper_grate":19,"minecraft:acacia_stairs":11,"minecraft:nether_brick_fence":1,"minecraft:bookshelf":8,"minecraft:cobblestone_slab":12,"minecraft:stone":89,"minecraft:acacia_leaves":4,"easymagic:enchanting_table":1,"minecraft:dandelion":3,"minecraft:crafting_table":10,"minecraft:short_grass":263,"minecraft:tall_grass":9,"minecraft:diorite":12,"minecraft:coarse_dirt":181,"minecraft:red_terracotta":97,"minecraft:acacia_fence_gate":1,"minecraft:coal_ore":1,"minecraft:flower_pot":1,"minecraft:acacia_door":2,"minecraft:brown_terracotta":192,"minecraft:terracotta":670,"minecraft:acacia_planks":64}},"DataVersion":3953}