{"stats":{"minecraft:mined":{"minecraft:yellow_terracotta":51,"minecraft:sculk_vein":4,"minecraft:obsidian":9,"minecraft:potted_dead_bush":1,"minecraft:acacia_log":300,"minecraft:grass_block":582,"minecraft:decorated_pot":34,"minecraft:orange_candle":1,"minecraft:acacia_slab":35,"minecraft:chiseled_tuff_bricks":1,"universal_graves:grave":1,"minecraft:bamboo_wall_hanging_sign":1,"minecraft:furnace":2,"minecraft:acacia_trapdoor":4,"minecraft:waxed_copper_grate":19,"minecraft:fire":23,"minecraft:cobbled_deepslate":6,"minecraft:acacia_stairs":11,"minecraft:nether_brick_fence":1,"minecraft:bookshelf":8,"minecraft:pointed_dripstone":1,"minecraft:cobblestone_slab":12,"minecraft:dirt_path":10,"minecraft:stone":89,"minecraft:acacia_leaves":4,"easymagic:enchanting_table":1,"minecraft:orange_terracotta":97,"minecraft:dandelion":3,"minecraft:crafting_table":10,"minecraft:light_gray_terracotta":18,"minecraft:short_grass":241,"minecraft:poppy":1,"minecraft:chest":3,"minecraft:dead_bush":30,"minecraft:tall_grass":8,"minecraft:cobblestone":85,"minecraft:sugar_cane":12,"minecraft:diorite":12,"minecraft:white_terracotta":65,"minecraft:red_terracotta":97,"minecraft:coarse_dirt":179,"minecraft:bamboo_planks":1,"minecraft:nether_wart_block":2,"minecraft:flower_pot":1,"minecraft:dirt":490,"minecraft:brown_terracotta":98,"minecraft:terracotta":202,"minecraft:acacia_planks":41},"minecraft:custom":{"minecraft:interact_with_anvil":20,"minecraft:mob_kills":289,"minecraft:interact_with_crafting_table":29,"minecraft:open_barrel":62,"minecraft:bell_ring":8,"minecraft:leave_game":1,"minecraft:time_since_death":223344,"minecraft:climb_one_cm":26041,"minecraft:sprint_one_cm":1036116,"minecraft:walk_one_cm":1337998,"minecraft:damage_blocked_by_shield":2715,"minecraft:drop":90,"minecraft:talked_to_villager":8,"minecraft:play_time":423075,"minecraft:sneak_time":4691,"minecraft:deaths":10,"minecraft:walk_under_water_one_cm":1464,"minecraft:jump":6462,"minecraft:interact_with_blast_furnace":3,"minecraft:enchant_item":27,"minecraft:walk_on_water_one_cm":17455,"minecraft:total_world_time":423075,"minecraft:interact_with_furnace":11,"minecraft:traded_with_villager":16,"minecraft:pot_flower":3,"minecraft:interact_with_stonecutter":5,"minecraft:interact_with_grindstone":14,"minecraft:sleep_in_bed":2,"minecraft:time_since_rest":97007,"minecraft:damage_taken":6246,"minecraft:damage_dealt":38172,"minecraft:swim_one_cm":722,"minecraft:fly_one_cm":1186486,"minecraft:open_chest":27,"minecraft:crouch_one_cm":7954,"minecraft:interact_with_smoker":12,"minecraft:fall_one_cm":102476,"minecraft:use_cauldron":9,"minecraft:inspect_dispenser":17},"minecraft:dropped":{"minecraft:water_bucket":1,"minecraft:wheat_seeds":76,"minecraft:diamond_leggings":2,"minecraft:golden_axe":1,"minecraft:book":19,"minecraft:grass_block":1,"minecraft:coal":2,"minecraft:red_mushroom":6,"minecraft:iron_block":1,"minecraft:dirt":10,"minecraft:wooden_axe":1,"minecraft:diamond_helmet":1,"minecraft:gold_nugget":1,"minecraft:iron_axe":5,"minecraft:iron_shovel":1,"minecraft:bucket":6,"minecraft:bone":109,"minecraft:flow_pottery_sherd":2,"minecraft:iron_nugget":5,"minecraft:coarse_dirt":6,"minecraft:stone_sword":3,"minecraft:bowl":4,"minecraft:bamboo_hanging_sign":2,"minecraft:tuff":26,"minecraft:rotten_flesh":44,"basicweapons:diamond_hammer":3,"basicweapons:wooden_dagger":1,"minecraft:totem_of_undying":1,"minecraft:flower_pot":2,"minecraft:gunpowder":7,"minecraft:diamond_chestplate":2,"minecraft:iron_chestplate":2,"minecraft:chest":2,"minecraft:golden_sword":1,"minecraft:spider_eye":6,"minecraft:diamond_boots":1,"minecraft:slime_ball":5,"minecraft:arrow":2},"minecraft:killed":{"minecraft:zombified_piglin":1,"minecraft:bogged":2,"minecraft:spider":34,"minecraft:slime":66,"minecraft:phantom":3,"minecraft:skeleton":39,"minecraft:zombie_villager":2,"minecraft:creeper":13,"minecraft:pillager":2,"minecraft:zombie":32,"minecraft:stray":5,"minecraft:breeze":4,"minecraft:wither_skeleton":2,"minecraft:villager":1,"minecraft:enderman":1,"minecraft:blaze":22,"minecraft:cow":43},"minecraft:killed_by":{"minecraft:spider":1,"minecraft:skeleton":7,"minecraft:zombie":1},"minecraft:picked_up":{"toughasnails:leaf_leggings":1,"minecraft:iron_chestplate":5,"minecraft:coarse_dirt":183,"minecraft:crafting_table":11,"minecraft:wheat":64,"resource_backpacks:backpack_gold":1,"minecraft:ominous_bottle":2,"minecraft:nether_brick_fence":1,"minecraft:flower_pot":4,"minecraft:leather_leggings":1,"minecraft:brick":123,"minecraft:shield":1,"minecraft:golden_sword":1,"minecraft:wind_charge":1,"minecraft:string":48,"minecraft:iron_axe":5,"minecraft:acacia_door":1,"minecraft:iron_shovel":2,"minecraft:diamond_leggings":2,"minecraft:gold_nugget":1,"minecraft:cobbled_deepslate":62,"minecraft:bucket":8,"toughasnails:leaf_boots":1,"minecraft:beef":118,"minecraft:trial_key":10,"minecraft:cobblestone_slab":13,"minecraft:iron_pickaxe":1,"minecraft:guster_pottery_sherd":5,"minecraft:melon_slice":52,"minecraft:sugar_cane":24,"minecraft:chest":5,"minecraft:phantom_membrane":7,"minecraft:furnace":2,"minecraft:tipped_arrow":27,"minecraft:raw_iron":17,"minecraft:stick":117,"minecraft:bamboo_hanging_sign":5,"minecraft:brown_terracotta":93,"minecraft:acacia_log":295,"minecraft:fire_charge":30,"minecraft:flow_pottery_sherd":3,"minecraft:golden_axe":1,"minecraft:waxed_copper_grate":28,"minecraft:pointed_dripstone":2,"minecraft:diorite":12,"minecraft:stone_sword":2,"minecraft:arrow":145,"minecraft:rotten_flesh":67,"minecraft:diamond_chestplate":2,"minecraft:decorated_pot":1,"minecraft:shears":1,"minecraft:diamond_boots":1,"minecraft:iron_block":1,"minecraft:yellow_terracotta":51,"minecraft:gold_ingot":2,"minecraft:totem_of_undying":1,"minecraft:white_terracotta":65,"basicweapons:diamond_hammer":4,"minecraft:blaze_rod":7,"minecraft:obsidian":9,"basicweapons:iron_quarterstaff":1,"minecraft:cobblestone":174,"minecraft:enchanting_table":1,"minecraft:cooked_beef":21,"minecraft:water_bucket":2,"minecraft:leather":102,"minecraft:golden_leggings":2,"minecraft:red_mushroom":6,"minecraft:tuff":26,"minecraft:nether_wart_block":2,"minecraft:gunpowder":17,"minecraft:dirt":1137,"minecraft:orange_terracotta":100,"minecraft:bone":177,"minecraft:acacia_planks":43,"minecraft:apple":4,"basicweapons:iron_spear":1,"minecraft:bow":7,"minecraft:wheat_seeds":113,"minecraft:acacia_trapdoor":3,"minecraft:cobbled_deepslate_slab":35,"minecraft:iron_ingot":16,"minecraft:cooked_chicken":2,"minecraft:diamond_helmet":1,"minecraft:scrape_pottery_sherd":3,"minecraft:acacia_sapling":109,"minecraft:book":43,"minecraft:emerald_block":1,"minecraft:bamboo_planks":1,"basicweapons:iron_hammer":2,"minecraft:dandelion":3,"minecraft:gravel":7,"toughasnails:empty_leather_canteen":1,"minecraft:orange_candle":4,"minecraft:dead_bush":1,"minecraft:grass_block":1,"toughasnails:leather_water_canteen":1,"minecraft:acacia_stairs":14,"minecraft:spider_eye":18,"minecraft:red_terracotta":93,"minecraft:light_gray_terracotta":18,"minecraft:slime_ball":55,"minecraft:crossbow":1,"minecraft:breeze_rod":10,"minecraft:painting":1,"minecraft:emerald":33,"minecraft:bread":11,"minecraft:terracotta":201,"minecraft:baked_potato":2,"minecraft:acacia_slab":37,"minecraft:coal":2,"minecraft:chiseled_tuff_bricks":1,"minecraft:diamond_pickaxe":1,"minecraft:ender_pearl":1},"minecraft:crafted":{"minecraft:smooth_stone":3,"minecraft:cobblestone_slab":18,"minecraft:blaze_powder":14,"minecraft:furnace":1,"minecraft:blast_furnace":1,"minecraft:stone":3,"minecraft:bookshelf":2,"minecraft:flint_and_steel":1,"minecraft:bow":4,"minecraft:stone_pickaxe":1,"toughasnails:leaf_helmet":1,"basicweapons:diamond_hammer":2,"minecraft:ender_eye":7,"minecraft:cooked_beef":118,"minecraft:sugar":8,"minecraft:acacia_wood":15,"minecraft:emerald":25,"minecraft:cauldron":2,"minecraft:crafting_table":1,"minecraft:acacia_slab":30,"toughasnails:empty_diamond_canteen":1,"minecraft:bowl":4,"minecraft:acacia_trapdoor":16,"minecraft:acacia_stairs":68,"minecraft:stone_axe":3,"minecraft:air":0,"toughasnails:ice_cream":4,"minecraft:book":7,"minecraft:paper":21,"minecraft:iron_ingot":9,"minecraft:wooden_axe":1,"minecraft:iron_block":3,"resource_backpacks:backpack_iron":1,"minecraft:gold_ingot":7,"minecraft:anvil":1,"resource_backpacks:backpack_diamond":1,"minecraft:acacia_planks":368},"minecraft:used":{"minecraft:nether_brick_fence":1,"toughasnails:leaf_helmet":1,"minecraft:enchanting_table":2,"minecraft:iron_shovel":96,"minecraft:acacia_log":356,"minecraft:flint_and_steel":8,"toughasnails:water_purifier":5,"minecraft:armor_stand":2,"minecraft:ladder":12,"minecraft:decorated_pot":1,"minecraft:chest":8,"minecraft:shield":50,"minecraft:white_terracotta":21,"minecraft:zombie_spawn_egg":2,"minecraft:bell":3,"minecraft:trial_key":5,"minecraft:cooked_chicken":1,"minecraft:rotten_flesh":1,"minecraft:iron_chestplate":1,"minecraft:dirt":1420,"toughasnails:diamond_purified_water_canteen":11,"minecraft:anvil":2,"minecraft:waxed_copper_grate":18,"minecraft:obsidian":15,"minecraft:orange_candle":28,"minecraft:lava_bucket":11,"minecraft:bookshelf":62,"minecraft:villager_spawn_egg":16,"minecraft:lantern":3,"minecraft:iron_axe":476,"minecraft:grass_block":13,"minecraft:acacia_slab":510,"minecraft:bamboo_hanging_sign":1,"minecraft:light_blue_bed":1,"minecraft:barrel":17,"toughasnails:leather_water_canteen":59,"minecraft:item_frame":2,"minecraft:diamond_chestplate":1,"basicweapons:iron_quarterstaff":23,"minecraft:bow":4,"advancednetherite:netherite_diamond_shovel":1327,"minecraft:furnace":3,"minecraft:acacia_fence":36,"minecraft:acacia_wood":33,"minecraft:cooked_beef":29,"minecraft:cobbled_deepslate":161,"minecraft:acacia_planks":662,"minecraft:orange_terracotta":323,"toughasnails:empty_leather_canteen":8,"minecraft:bamboo_planks":1,"minecraft:pointed_dripstone":4,"minecraft:water_bucket":53,"minecraft:leather_leggings":1,"toughasnails:leaf_leggings":1,"minecraft:acacia_trapdoor":74,"minecraft:baked_potato":11,"minecraft:cauldron":2,"minecraft:cobblestone_slab":27,"minecraft:yellow_terracotta":86,"toughasnails:diamond_water_canteen":20,"minecraft:brown_banner":34,"minecraft:blast_furnace":1,"minecraft:terracotta":298,"basicweapons:diamond_hammer":295,"minecraft:glow_berries":2,"minecraft:red_bed":9,"minecraft:crafting_table":15,"minecraft:light_gray_terracotta":13,"minecraft:painting":139,"minecraft:diamond_pickaxe":906,"minecraft:flower_pot":5,"minecraft:acacia_stairs":662,"minecraft:acacia_door":12,"minecraft:melon_slice":52,"minecraft:bread":7,"toughasnails:empty_diamond_canteen":2,"toughasnails:ice_cream":6,"minecraft:red_terracotta":353,"minecraft:soul_lantern":1,"minecraft:chiseled_tuff_bricks":1,"minecraft:nether_wart_block":2,"minecraft:cobblestone":83,"basicweapons:iron_hammer":132,"minecraft:grindstone":1,"minecraft:bucket":61,"minecraft:glass_pane":111,"minecraft:coarse_dirt":11,"minecraft:diamond_leggings":1}},"DataVersion":3953}