{"stats":{"minecraft:custom":{"minecraft:time_since_rest":6667,"minecraft:interact_with_furnace":3,"minecraft:damage_taken":80,"minecraft:sprint_one_cm":20772,"minecraft:walk_one_cm":16853,"minecraft:mob_kills":22,"minecraft:damage_dealt":1210,"minecraft:fly_one_cm":23774,"minecraft:open_barrel":5,"minecraft:open_chest":5,"minecraft:crouch_one_cm":34,"minecraft:play_time":6667,"minecraft:sneak_time":10,"minecraft:jump":149,"minecraft:leave_game":1,"minecraft:walk_on_water_one_cm":9,"minecraft:time_since_death":6667,"minecraft:total_world_time":6667,"minecraft:fall_one_cm":2761,"minecraft:inspect_dispenser":1},"minecraft:killed":{"minecraft:spider":4,"minecraft:slime":16},"minecraft:crafted":{"minecraft:gold_ingot":7,"minecraft:air":0},"minecraft:used":{"minecraft:water_bucket":1,"minecraft:diamond_pickaxe":10,"minecraft:iron_axe":6,"minecraft:decorated_pot":1,"minecraft:crafting_table":2,"basicweapons:iron_hammer":26,"minecraft:bucket":1,"minecraft:bamboo_planks":1},"minecraft:mined":{"minecraft:bamboo_planks":1,"minecraft:furnace":1,"minecraft:sculk_vein":1,"minecraft:crafting_table":3,"minecraft:decorated_pot":10,"minecraft:chest":2,"minecraft:dead_bush":2},"minecraft:picked_up":{"minecraft:bamboo_planks":1,"toughasnails:leaf_leggings":1,"minecraft:iron_chestplate":1,"minecraft:crafting_table":4,"minecraft:stick":25,"minecraft:raw_iron":17,"minecraft:cooked_beef":12,"resource_backpacks:backpack_gold":1,"basicweapons:iron_hammer":1,"minecraft:water_bucket":1,"minecraft:gravel":7,"minecraft:fire_charge":30,"minecraft:waxed_copper_grate":9,"minecraft:brick":35,"minecraft:shield":1,"minecraft:string":4,"minecraft:spider_eye":2,"minecraft:dirt":18,"minecraft:iron_shovel":1,"minecraft:arrow":49,"minecraft:bone":8,"minecraft:slime_ball":13,"minecraft:apple":4,"basicweapons:iron_spear":1,"minecraft:decorated_pot":1,"minecraft:bow":1,"minecraft:cobbled_deepslate_slab":35,"minecraft:cobbled_deepslate":56,"minecraft:bucket":2,"minecraft:shears":1,"toughasnails:leaf_boots":1,"minecraft:iron_ingot":3,"minecraft:breeze_rod":3,"minecraft:trial_key":1,"minecraft:gold_ingot":2,"minecraft:emerald":9,"minecraft:iron_pickaxe":1,"minecraft:melon_slice":52,"minecraft:chest":2,"minecraft:scrape_pottery_sherd":1,"basicweapons:iron_quarterstaff":1,"minecraft:furnace":1,"minecraft:diamond_pickaxe":1}},"DataVersion":3953}