{"stats":{"minecraft:crafted":{"minecraft:smooth_stone":3,"minecraft:cobblestone_slab":18,"minecraft:blaze_powder":14,"toughasnails:temperature_gauge":1,"minecraft:stone":6,"minecraft:bookshelf":2,"minecraft:bow":4,"minecraft:chest":6,"toughasnails:leaf_helmet":1,"minecraft:acacia_fence":60,"minecraft:netherite_upgrade_smithing_template":22,"minecraft:bricks":3,"minecraft:ender_eye":7,"toughasnails:thermometer":1,"minecraft:acacia_wood":15,"minecraft:emerald":28,"minecraft:cauldron":2,"minecraft:cooked_porkchop":15,"minecraft:crafting_table":4,"minecraft:acacia_slab":30,"advancednetherite:netherite_iron_pickaxe":1,"minecraft:smithing_table":1,"toughasnails:ice_cream":54,"minecraft:book":7,"minecraft:paper":21,"advancednetherite:netherite_diamond_ingot":1,"minecraft:iron_ingot":26,"minecraft:iron_block":3,"minecraft:snow_block":3,"resource_backpacks:backpack_iron":1,"minecraft:gold_ingot":13,"resource_backpacks:backpack_diamond":1,"minecraft:netherite_ingot":4,"minecraft:composter":2,"advancednetherite:netherite_diamond_pickaxe":1,"minecraft:cobbled_deepslate_slab":20,"minecraft:iron_nugget":180,"minecraft:diamond_hoe":1,"minecraft:acacia_fence_gate":3,"minecraft:furnace":1,"minecraft:blast_furnace":1,"minecraft:bone_meal":51,"minecraft:flint_and_steel":1,"advancednetherite:netherite_gold_pickaxe":1,"minecraft:lantern":22,"minecraft:stone_pickaxe":1,"basicweapons:diamond_hammer":2,"minecraft:netherite_scrap":26,"minecraft:brick_slab":6,"minecraft:lead":2,"advancednetherite:netherite_emerald_ingot":2,"minecraft:cooked_beef":476,"minecraft:dripstone_block":14,"minecraft:sugar":58,"advancednetherite:netherite_iron_ingot":4,"minecraft:netherite_pickaxe":1,"advancednetherite:netherite_gold_ingot":3,"toughasnails:empty_diamond_canteen":2,"minecraft:bowl":60,"minecraft:acacia_trapdoor":20,"minecraft:acacia_stairs":68,"minecraft:stone_axe":3,"minecraft:air":0,"minecraft:wooden_axe":1,"minecraft:anvil":1,"minecraft:stonecutter":1,"minecraft:acacia_planks":548,"minecraft:torch":48,"advancednetherite:netherite_emerald_pickaxe":1},"minecraft:dropped":{"minecraft:soul_sand":22,"minecraft:porkchop":8,"minecraft:lapis_lazuli":55,"minecraft:cooked_beef":34,"minecraft:weeping_vines":1,"minecraft:lantern":48,"minecraft:leather":2,"minecraft:leather_helmet":1,"minecraft:red_mushroom":6,"minecraft:flint":4,"minecraft:dirt":1112,"basicweapons:iron_hammer":1,"minecraft:crimson_roots":2,"toughasnails:ice_cream":67,"minecraft:gold_nugget":12,"minecraft:acacia_door":1,"minecraft:bone":263,"minecraft:gravel":14,"minecraft:stone_axe":1,"minecraft:iron_nugget":9,"minecraft:golden_chestplate":2,"minecraft:pointed_dripstone":1,"minecraft:rotten_flesh":138,"basicweapons:diamond_hammer":4,"basicweapons:wooden_dagger":1,"minecraft:poppy":3,"minecraft:tipped_arrow":2,"toughasnails:diamond_purified_water_canteen":1,"minecraft:gunpowder":17,"minecraft:acacia_sapling":2,"minecraft:leather_boots":3,"minecraft:chest":2,"advancednetherite:netherite_diamond_pickaxe":1,"minecraft:leather_leggings":2,"toughasnails:empty_diamond_canteen":1,"minecraft:basalt":4,"minecraft:arrow":3,"minecraft:netherrack":12,"minecraft:golden_boots":1,"minecraft:water_bucket":1,"minecraft:wheat_seeds":290,"minecraft:diamond_leggings":3,"minecraft:cobblestone":6,"minecraft:golden_axe":1,"minecraft:book":19,"minecraft:grass_block":1,"minecraft:coal":14,"minecraft:stick":39,"minecraft:iron_block":1,"minecraft:wooden_axe":1,"minecraft:nether_wart_block":1,"minecraft:diamond_helmet":2,"minecraft:brown_terracotta":16,"minecraft:iron_axe":5,"minecraft:iron_shovel":1,"advancednetherite:netherite_diamond_shovel":2,"minecraft:string":1,"minecraft:bucket":6,"minecraft:acacia_planks":3,"minecraft:dandelion":9,"minecraft:flow_pottery_sherd":2,"minecraft:coarse_dirt":13,"minecraft:stone_sword":3,"minecraft:bamboo_hanging_sign":2,"minecraft:bowl":4,"minecraft:light_gray_terracotta":2,"minecraft:tuff":26,"minecraft:totem_of_undying":1,"minecraft:flint_and_steel":2,"minecraft:potato":4,"minecraft:cobblestone_slab":4,"minecraft:flower_pot":2,"minecraft:diamond_chestplate":2,"basicweapons:iron_quarterstaff":1,"minecraft:iron_chestplate":3,"minecraft:golden_leggings":2,"minecraft:golden_sword":3,"minecraft:spider_eye":9,"minecraft:diamond_boots":2,"minecraft:slime_ball":5,"minecraft:stone_pickaxe":1,"minecraft:bow":2,"minecraft:brick":1,"minecraft:terracotta":9},"minecraft:killed":{"minecraft:cave_spider":3,"minecraft:zombified_piglin":10,"minecraft:spider":47,"minecraft:skeleton":63,"minecraft:piglin":20,"minecraft:zombie_villager":9,"minecraft:iron_golem":2,"minecraft:creeper":31,"minecraft:pillager":2,"minecraft:zombie":156,"minecraft:stray":5,"minecraft:blaze":30,"minecraft:cow":245,"minecraft:bogged":5,"minecraft:slime":66,"minecraft:phantom":45,"minecraft:snow_golem":1,"minecraft:hoglin":16,"minecraft:breeze":4,"minecraft:wither_skeleton":2,"minecraft:villager":2,"minecraft:enderman":3},"minecraft:custom":{"minecraft:interact_with_crafting_table":82,"minecraft:open_barrel":142,"minecraft:bell_ring":8,"minecraft:leave_game":4,"minecraft:time_since_death":858049,"minecraft:sprint_one_cm":2581762,"minecraft:damage_blocked_by_shield":3690,"minecraft:drop":279,"minecraft:talked_to_villager":20,"minecraft:play_time":1057780,"minecraft:deaths":10,"minecraft:jump":18153,"minecraft:walk_on_water_one_cm":24376,"minecraft:enchant_item":41,"minecraft:interact_with_furnace":18,"minecraft:traded_with_villager":19,"minecraft:sleep_in_bed":10,"minecraft:damage_dealt":118017,"minecraft:crouch_one_cm":26989,"minecraft:interact_with_smoker":44,"minecraft:use_cauldron":9,"minecraft:inspect_dispenser":17,"minecraft:interact_with_smithing_table":10,"minecraft:interact_with_anvil":30,"minecraft:mob_kills":788,"minecraft:interact_with_campfire":4,"minecraft:climb_one_cm":57123,"minecraft:walk_one_cm":3443079,"minecraft:sneak_time":12877,"minecraft:walk_under_water_one_cm":11168,"minecraft:interact_with_blast_furnace":19,"minecraft:total_world_time":1057780,"minecraft:pot_flower":3,"minecraft:interact_with_grindstone":18,"minecraft:interact_with_stonecutter":12,"minecraft:time_since_rest":296029,"minecraft:damage_taken":12810,"minecraft:swim_one_cm":722,"minecraft:fly_one_cm":3243991,"minecraft:open_chest":73,"minecraft:fall_one_cm":321212},"minecraft:used":{"minecraft:nether_brick_fence":1,"minecraft:iron_shovel":96,"minecraft:ladder":12,"minecraft:poppy":8,"minecraft:diamond_hoe":829,"minecraft:decorated_pot":1,"minecraft:chest":14,"minecraft:shield":65,"minecraft:white_terracotta":65,"minecraft:zombie_spawn_egg":2,"minecraft:bell":3,"minecraft:rotten_flesh":1,"minecraft:iron_chestplate":1,"minecraft:brick_slab":4,"minecraft:carrot":1,"minecraft:jungle_slab":4,"minecraft:waxed_copper_grate":18,"minecraft:acacia_sapling":2,"minecraft:obsidian":25,"minecraft:lava_bucket":11,"minecraft:villager_spawn_egg":26,"minecraft:lantern":94,"minecraft:grass_block":13,"minecraft:light_blue_bed":1,"minecraft:crimson_roots":2,"minecraft:item_frame":2,"basicweapons:iron_quarterstaff":23,"minecraft:bow":13,"toughasnails:leather_water_canteen":59,"minecraft:furnace":4,"minecraft:acacia_fence":178,"minecraft:diorite":12,"minecraft:leather_leggings":1,"minecraft:stripped_acacia_log":13,"minecraft:acacia_trapdoor":86,"minecraft:blackstone":8,"minecraft:composter":2,"minecraft:sugar_cane":28,"minecraft:glow_berries":2,"minecraft:sand":5,"minecraft:yellow_terracotta":255,"basicweapons:diamond_hammer":831,"minecraft:blast_furnace":1,"minecraft:light_gray_terracotta":15,"minecraft:dripstone_block":232,"minecraft:shears":1,"minecraft:acacia_door":22,"minecraft:melon_slice":52,"minecraft:bread":7,"toughasnails:empty_diamond_canteen":4,"minecraft:red_terracotta":394,"minecraft:gravel":2,"minecraft:soul_lantern":3,"minecraft:chiseled_tuff_bricks":1,"minecraft:nether_wart_block":17,"basicweapons:iron_hammer":132,"minecraft:grindstone":1,"minecraft:smithing_table":1,"minecraft:coarse_dirt":32,"minecraft:bone_meal":51,"toughasnails:thermoregulator":2,"minecraft:enchanting_table":2,"minecraft:acacia_log":358,"toughasnails:leaf_helmet":1,"minecraft:flint_and_steel":27,"toughasnails:water_purifier":5,"minecraft:carved_pumpkin":2,"minecraft:armor_stand":2,"minecraft:trial_key":5,"minecraft:cooked_chicken":1,"minecraft:netherrack":1335,"minecraft:torch":11,"minecraft:anvil":2,"minecraft:dirt":2319,"toughasnails:diamond_purified_water_canteen":92,"minecraft:diamond_helmet":3,"minecraft:orange_candle":45,"advancednetherite:netherite_diamond_pickaxe":108,"minecraft:brown_terracotta":135,"minecraft:dark_oak_planks":1,"minecraft:bookshelf":62,"minecraft:iron_axe":1395,"minecraft:acacia_slab":513,"minecraft:bamboo_hanging_sign":1,"minecraft:barrel":17,"minecraft:diamond_chestplate":1,"minecraft:basalt":19,"advancednetherite:netherite_diamond_shovel":2220,"minecraft:acacia_wood":34,"minecraft:cooked_beef":129,"minecraft:cobbled_deepslate":181,"minecraft:acacia_planks":840,"minecraft:orange_terracotta":353,"minecraft:pumpkin":1,"minecraft:bamboo_planks":1,"toughasnails:empty_leather_canteen":8,"minecraft:pointed_dripstone":5,"minecraft:wheat_seeds":107,"minecraft:water_bucket":70,"toughasnails:leaf_leggings":1,"minecraft:snow_block":4,"minecraft:baked_potato":11,"minecraft:cauldron":2,"minecraft:stonecutter":1,"minecraft:cobblestone_slab":29,"minecraft:snow_golem_spawn_egg":12,"minecraft:terracotta":1376,"minecraft:crafting_table":18,"minecraft:red_bed":9,"toughasnails:diamond_water_canteen":25,"minecraft:brown_banner":34,"minecraft:painting":141,"minecraft:cake":1,"minecraft:flower_pot":5,"minecraft:acacia_stairs":666,"minecraft:diamond_pickaxe":3841,"toughasnails:temperature_gauge":8,"sawmill:sawmill":1,"toughasnails:ice_cream":99,"minecraft:acacia_fence_gate":4,"minecraft:cobblestone":107,"minecraft:cobbled_deepslate_slab":483,"minecraft:bucket":79,"minecraft:glass_pane":111,"minecraft:diamond_leggings":1},"minecraft:killed_by":{"minecraft:zombie":1,"minecraft:spider":1,"minecraft:skeleton":7},"minecraft:mined":{"minecraft:dark_oak_planks":1,"minecraft:farmland":1,"minecraft:jungle_slab":1,"minecraft:sculk_vein":4,"minecraft:obsidian":9,"minecraft:carved_pumpkin":1,"minecraft:potted_dead_bush":1,"minecraft:acacia_log":528,"minecraft:grass_block":813,"minecraft:orange_candle":4,"minecraft:soul_soil":8,"minecraft:chiseled_tuff_bricks":1,"minecraft:weeping_vines_plant":5,"universal_graves:grave":1,"minecraft:bamboo_wall_hanging_sign":1,"minecraft:magma_block":25,"minecraft:cobbled_deepslate":11,"minecraft:fire":34,"toughasnails:temperature_gauge":7,"minecraft:pointed_dripstone":75,"minecraft:dirt_path":80,"minecraft:blackstone":75,"minecraft:crimson_nylium":6,"minecraft:orange_terracotta":105,"minecraft:soul_lantern":1,"minecraft:light_gray_terracotta":20,"minecraft:poppy":5,"minecraft:chest":3,"minecraft:dead_bush":49,"minecraft:nether_quartz_ore":4,"minecraft:cobblestone":89,"minecraft:sugar_cane":43,"minecraft:white_terracotta":65,"minecraft:bamboo_planks":1,"minecraft:nether_wart_block":870,"minecraft:wheat":38,"minecraft:acacia_fence":18,"minecraft:dirt":660,"minecraft:sand":5,"toughasnails:thermoregulator":2,"minecraft:ancient_debris":26,"minecraft:netherrack":1491,"minecraft:deepslate":28,"minecraft:yellow_terracotta":79,"minecraft:nether_gold_ore":2,"minecraft:deepslate_diamond_ore":1,"minecraft:cobbled_deepslate_slab":66,"sawmill:sawmill":1,"minecraft:decorated_pot":34,"minecraft:crimson_roots":5,"minecraft:weeping_vines":4,"minecraft:acacia_slab":37,"minecraft:crimson_stem":169,"minecraft:furnace":2,"minecraft:acacia_trapdoor":18,"minecraft:waxed_copper_grate":19,"minecraft:snow":113,"minecraft:acacia_wood":1,"minecraft:acacia_stairs":21,"minecraft:nether_brick_fence":1,"minecraft:bookshelf":8,"minecraft:shroomlight":29,"minecraft:cobblestone_slab":14,"minecraft:lantern":3,"minecraft:stone":115,"minecraft:acacia_leaves":17,"minecraft:soul_sand":109,"easymagic:enchanting_table":1,"minecraft:basalt":491,"minecraft:dandelion":3,"minecraft:crafting_table":10,"minecraft:short_grass":384,"minecraft:tall_grass":25,"minecraft:diorite":12,"minecraft:coarse_dirt":201,"minecraft:red_terracotta":97,"minecraft:brick_slab":1,"minecraft:acacia_fence_gate":1,"minecraft:coal_ore":4,"minecraft:gravel":45,"minecraft:dripstone_block":54,"minecraft:flower_pot":1,"minecraft:acacia_door":8,"minecraft:brown_terracotta":218,"minecraft:terracotta":684,"minecraft:acacia_planks":127},"minecraft:picked_up":{"toughasnails:leaf_leggings":1,"minecraft:iron_chestplate":5,"minecraft:wheat":484,"toughasnails:diamond_purified_water_canteen":1,"minecraft:nether_brick_fence":1,"minecraft:flower_pot":4,"advancednetherite:netherite_diamond_pickaxe":1,"minecraft:golden_sword":3,"minecraft:string":81,"minecraft:soul_soil":8,"toughasnails:ice_cream":5,"minecraft:shroomlight":29,"minecraft:diamond_leggings":2,"minecraft:gold_nugget":105,"minecraft:cobbled_deepslate":95,"minecraft:bucket":8,"toughasnails:leaf_boots":1,"minecraft:acacia_fence_gate":3,"minecraft:trial_key":10,"minecraft:cobblestone_slab":15,"minecraft:iron_pickaxe":1,"minecraft:melon_slice":52,"minecraft:furnace":2,"minecraft:tipped_arrow":29,"minecraft:golden_helmet":2,"minecraft:stick":227,"minecraft:acacia_fence":30,"minecraft:brown_terracotta":214,"minecraft:acacia_log":521,"minecraft:porkchop":50,"minecraft:golden_axe":1,"minecraft:waxed_copper_grate":28,"minecraft:pointed_dripstone":145,"minecraft:diorite":12,"minecraft:golden_chestplate":3,"minecraft:stone_sword":2,"minecraft:rotten_flesh":423,"minecraft:iron_block":1,"minecraft:carved_pumpkin":1,"minecraft:white_terracotta":65,"basicweapons:diamond_hammer":4,"minecraft:blaze_rod":25,"minecraft:obsidian":9,"minecraft:snowball":179,"minecraft:cobblestone":204,"minecraft:enchanting_table":1,"minecraft:magma_block":25,"minecraft:cooked_beef":26,"minecraft:water_bucket":2,"minecraft:golden_leggings":3,"minecraft:potato":4,"minecraft:flint":4,"minecraft:tuff":26,"minecraft:lapis_lazuli":55,"minecraft:dirt":2084,"minecraft:lantern":12,"minecraft:leather_boots":3,"minecraft:bone":299,"minecraft:acacia_planks":133,"basicweapons:iron_spear":1,"minecraft:bow":10,"minecraft:wheat_seeds":784,"minecraft:cobbled_deepslate_slab":113,"minecraft:diamond_helmet":1,"minecraft:scrape_pottery_sherd":3,"basicweapons:iron_hammer":2,"minecraft:sand":5,"minecraft:dead_bush":1,"minecraft:grass_block":1,"toughasnails:leather_water_canteen":1,"minecraft:acacia_stairs":24,"minecraft:jungle_slab":1,"minecraft:red_terracotta":93,"minecraft:light_gray_terracotta":24,"minecraft:diamond":26,"minecraft:soul_lantern":1,"minecraft:crossbow":1,"minecraft:breeze_rod":10,"minecraft:emerald":33,"minecraft:bread":11,"minecraft:netherrack":1486,"minecraft:crimson_roots":4,"minecraft:diamond_pickaxe":1,"minecraft:coarse_dirt":213,"minecraft:crafting_table":11,"toughasnails:temperature_gauge":7,"resource_backpacks:backpack_gold":1,"minecraft:ominous_bottle":2,"minecraft:leather_leggings":3,"minecraft:brick":124,"minecraft:shield":1,"minecraft:wind_charge":1,"minecraft:iron_axe":5,"minecraft:acacia_door":11,"minecraft:flint_and_steel":2,"minecraft:iron_shovel":2,"minecraft:blackstone":75,"toughasnails:thermoregulator":2,"minecraft:beef":775,"sawmill:sawmill":1,"minecraft:iron_nugget":1,"minecraft:poppy":13,"minecraft:guster_pottery_sherd":5,"minecraft:sugar_cane":77,"minecraft:chest":5,"minecraft:phantom_membrane":85,"minecraft:raw_iron":17,"minecraft:bamboo_hanging_sign":5,"minecraft:fire_charge":30,"minecraft:flow_pottery_sherd":3,"minecraft:carrot":1,"minecraft:dark_oak_planks":1,"minecraft:arrow":203,"minecraft:weeping_vines":14,"minecraft:diamond_chestplate":2,"minecraft:decorated_pot":1,"minecraft:shears":1,"minecraft:diamond_boots":1,"minecraft:yellow_terracotta":79,"minecraft:totem_of_undying":1,"minecraft:gold_ingot":2,"basicweapons:iron_quarterstaff":1,"minecraft:basalt":489,"minecraft:crimson_stem":166,"advancednetherite:netherite_diamond_shovel":2,"minecraft:leather":610,"minecraft:red_mushroom":6,"minecraft:acacia_wood":1,"minecraft:ancient_debris":26,"minecraft:golden_boots":2,"minecraft:nether_wart_block":829,"minecraft:gunpowder":54,"minecraft:orange_terracotta":108,"minecraft:apple":4,"minecraft:acacia_trapdoor":17,"minecraft:iron_ingot":25,"minecraft:cooked_chicken":2,"minecraft:acacia_sapling":181,"minecraft:soul_sand":128,"minecraft:book":43,"minecraft:emerald_block":1,"minecraft:bamboo_planks":1,"minecraft:quartz":48,"minecraft:dandelion":9,"minecraft:dripstone_block":54,"minecraft:gravel":54,"toughasnails:empty_leather_canteen":1,"minecraft:orange_candle":8,"minecraft:spider_eye":42,"minecraft:leather_helmet":1,"minecraft:brick_slab":4,"minecraft:pumpkin_seeds":4,"minecraft:slime_ball":55,"minecraft:painting":3,"minecraft:terracotta":681,"minecraft:baked_potato":2,"minecraft:acacia_slab":39,"minecraft:coal":107,"minecraft:chiseled_tuff_bricks":1,"minecraft:ender_pearl":1}},"DataVersion":3953}