{"stats":{"minecraft:used":{"minecraft:stone_sword":94,"minecraft:poppy":6,"minecraft:shield":27,"minecraft:zombie_spawn_egg":49,"minecraft:bell":11,"minecraft:rotten_flesh":73,"minecraft:netherrack":107,"minecraft:iron_chestplate":1,"minecraft:torch":61,"minecraft:dirt":102,"minecraft:jungle_planks":5,"minecraft:yellow_carpet":5,"minecraft:granite":8,"minecraft:warden_spawn_egg":1,"minecraft:lava_bucket":49,"minecraft:villager_spawn_egg":10,"minecraft:iron_axe":267,"minecraft:iron_helmet":4,"minecraft:iron_boots":2,"minecraft:bamboo":5,"minecraft:bow":7,"minecraft:furnace":5,"minecraft:oak_sapling":7,"minecraft:gold_block":2,"minecraft:egg":1,"minecraft:cooked_beef":1,"minecraft:potato":16,"minecraft:cobbled_deepslate":60,"minecraft:golden_axe":2,"minecraft:iron_leggings":1,"minecraft:water_bucket":68,"minecraft:diorite":17,"minecraft:dirt_path":1,"minecraft:oak_planks":17,"minecraft:iron_golem_spawn_egg":3,"minecraft:ender_pearl":1,"minecraft:cauldron":8,"minecraft:diamond_axe":223,"minecraft:fletching_table":3,"minecraft:jungle_boat":8,"minecraft:crafting_table":7,"minecraft:blast_furnace":1,"minecraft:crossbow":2,"minecraft:white_bed":6,"minecraft:dripstone_block":2,"minecraft:smoker":1,"minecraft:oak_log":4,"minecraft:diamond_pickaxe":255,"minecraft:apple":3,"minecraft:bread":21,"minecraft:melon_slice":17,"minecraft:string":1,"minecraft:iron_pickaxe":500,"minecraft:netherite_axe":2,"minecraft:stone_slab":5,"minecraft:gravel":4,"minecraft:fire_charge":1,"minecraft:cobblestone":144,"minecraft:grindstone":2,"minecraft:smithing_table":1,"minecraft:bucket":118,"minecraft:andesite":8,"minecraft:yellow_bed":2,"minecraft:dandelion":4},"minecraft:mined":{"minecraft:white_bed":9,"minecraft:mossy_cobblestone":1,"minecraft:deepslate_diamond_ore":8,"minecraft:jungle_leaves":2,"minecraft:obsidian":9,"minecraft:granite":8,"minecraft:grass_block":15,"minecraft:yellow_carpet":7,"minecraft:jungle_planks":9,"minecraft:jungle_log":20,"minecraft:spawner":1,"minecraft:hay_block":5,"minecraft:redstone_ore":5,"minecraft:furnace":4,"minecraft:iron_ore":62,"minecraft:fire":32,"minecraft:andesite":16,"minecraft:deepslate_lapis_ore":4,"minecraft:fletching_table":3,"minecraft:gold_block":2,"minecraft:bell":11,"minecraft:pointed_dripstone":9,"minecraft:dirt_path":6,"minecraft:water_cauldron":4,"minecraft:deepslate_iron_ore":14,"minecraft:vine":10,"minecraft:bamboo":28,"minecraft:stone":142,"minecraft:smithing_table":1,"minecraft:crimson_nylium":6,"minecraft:smoker":1,"minecraft:dandelion":1,"minecraft:crafting_table":3,"minecraft:torch":3,"minecraft:blast_furnace":1,"minecraft:warped_roots":1,"minecraft:grindstone":2,"minecraft:copper_ore":1,"minecraft:tall_grass":22,"minecraft:cobblestone":27,"minecraft:lapis_ore":7,"minecraft:deepslate_gold_ore":7,"minecraft:oak_planks":6,"minecraft:diorite":17,"minecraft:wall_torch":2,"minecraft:cauldron":8,"minecraft:warped_nylium":12,"minecraft:nether_wart_block":3,"minecraft:yellow_bed":8,"minecraft:grass":55,"minecraft:coal_ore":56,"minecraft:oak_log":30,"minecraft:gravel":1,"minecraft:dripstone_block":3,"minecraft:dirt":54,"minecraft:netherrack":154,"minecraft:gold_ore":5,"minecraft:oak_leaves":16,"minecraft:deepslate":138,"minecraft:fern":5},"minecraft:killed_by":{"minecraft:player":7,"minecraft:zombified_piglin":1,"minecraft:creeper":1,"minecraft:spider":1,"minecraft:pillager":1,"minecraft:enderman":1,"minecraft:iron_golem":8,"minecraft:ravager":7,"minecraft:vindicator":21,"minecraft:skeleton":2,"minecraft:witch":1,"minecraft:zombie":4,"minecraft:vex":5},"minecraft:dropped":{"minecraft:bread":6,"minecraft:iron_ingot":62,"minecraft:wheat_seeds":22,"minecraft:diamond_axe":4,"minecraft:golden_axe":1,"minecraft:lead":1,"minecraft:cobblestone":65,"minecraft:leather":2,"minecraft:flint":36,"minecraft:stick":30,"minecraft:emerald":1,"minecraft:torch":3,"minecraft:nether_wart_block":1,"minecraft:melon_slice":60,"minecraft:iron_axe":9,"minecraft:jungle_boat":2,"minecraft:iron_pickaxe":1,"minecraft:string":1,"minecraft:bone":12,"minecraft:cauldron":1,"minecraft:raw_copper":12,"minecraft:stone_sword":2,"minecraft:cocoa_beans":6,"minecraft:raw_iron":20,"minecraft:oak_planks":12,"minecraft:white_bed":1,"minecraft:totem_of_undying":1,"minecraft:poppy":1,"minecraft:potato":1,"minecraft:stone":3,"minecraft:gunpowder":1,"minecraft:diamond_pickaxe":1,"minecraft:andesite":8,"minecraft:yellow_bed":3,"minecraft:leather_leggings":1,"minecraft:spider_eye":3,"minecraft:bamboo":1,"minecraft:wooden_pickaxe":1,"minecraft:netherrack":22},"minecraft:custom":{"minecraft:mob_kills":119,"minecraft:interact_with_crafting_table":39,"minecraft:bell_ring":183,"minecraft:leave_game":4,"minecraft:time_since_death":9618,"minecraft:climb_one_cm":13634,"minecraft:sprint_one_cm":692280,"minecraft:walk_one_cm":763856,"minecraft:damage_blocked_by_shield":3621,"minecraft:drop":162,"minecraft:talked_to_villager":80,"minecraft:play_time":667646,"minecraft:deaths":69,"minecraft:sneak_time":7772,"minecraft:walk_under_water_one_cm":6749,"minecraft:boat_one_cm":26986,"minecraft:jump":7111,"minecraft:walk_on_water_one_cm":20887,"minecraft:total_world_time":667646,"minecraft:interact_with_furnace":35,"minecraft:traded_with_villager":87,"minecraft:raid_trigger":1,"minecraft:sleep_in_bed":7,"minecraft:time_since_rest":9638,"minecraft:damage_taken":22403,"minecraft:damage_dealt":34437,"minecraft:swim_one_cm":26663,"minecraft:fly_one_cm":1407473,"minecraft:player_kills":13,"minecraft:open_chest":65,"minecraft:crouch_one_cm":19213,"minecraft:fall_one_cm":226927,"minecraft:horse_one_cm":3454},"minecraft:crafted":{"minecraft:grindstone":1,"minecraft:smooth_stone":4,"minecraft:oak_planks":100,"minecraft:blast_furnace":1,"minecraft:furnace":2,"minecraft:stone":10,"minecraft:bow":1,"minecraft:diamond_leggings":1,"minecraft:iron_boots":3,"minecraft:iron_axe":13,"minecraft:wheat":45,"minecraft:emerald":72,"minecraft:diamond_axe":1,"minecraft:crafting_table":3,"minecraft:jungle_boat":2,"minecraft:iron_helmet":3,"minecraft:bucket":1,"minecraft:air":0,"minecraft:jungle_planks":80,"minecraft:iron_chestplate":3,"minecraft:diamond_pickaxe":1,"minecraft:shield":2,"minecraft:stick":344,"minecraft:stone_slab":6,"minecraft:iron_ingot":64,"minecraft:iron_pickaxe":2,"minecraft:iron_leggings":1,"minecraft:torch":56},"minecraft:broken":{"minecraft:iron_boots":2,"minecraft:iron_chestplate":2,"minecraft:shield":1,"minecraft:iron_axe":1,"minecraft:iron_pickaxe":2,"minecraft:iron_helmet":2},"minecraft:killed":{"minecraft:evoker":2,"minecraft:zombified_piglin":1,"minecraft:witch":3,"minecraft:vindicator":13,"minecraft:spider":4,"minecraft:skeleton":10,"minecraft:drowned":1,"minecraft:piglin":2,"minecraft:iron_golem":10,"minecraft:wandering_trader":1,"minecraft:ravager":1,"minecraft:creeper":3,"minecraft:pillager":20,"minecraft:zombie":42,"minecraft:ghast":1,"minecraft:villager":1,"minecraft:enderman":1},"minecraft:picked_up":{"minecraft:cocoa_beans":6,"minecraft:crafting_table":4,"minecraft:iron_chestplate":3,"minecraft:smithing_table":1,"minecraft:lead":5,"minecraft:wooden_pickaxe":1,"minecraft:gold_block":2,"minecraft:shield":3,"minecraft:string":6,"minecraft:raw_copper":21,"minecraft:iron_axe":14,"minecraft:iron_leggings":3,"minecraft:gold_nugget":58,"minecraft:cobbled_deepslate":192,"minecraft:poppy":13,"minecraft:iron_pickaxe":1,"minecraft:melon_slice":184,"minecraft:furnace":4,"minecraft:iron_boots":3,"minecraft:egg":1,"minecraft:stick":22,"minecraft:raw_iron":84,"minecraft:stone":3,"minecraft:composter":2,"minecraft:torch":8,"minecraft:fire_charge":2,"minecraft:golden_axe":3,"minecraft:pointed_dripstone":56,"minecraft:diorite":31,"minecraft:redstone":89,"minecraft:cauldron":13,"minecraft:stone_shovel":1,"minecraft:rotten_flesh":88,"minecraft:arrow":17,"minecraft:stone_sword":4,"minecraft:hay_block":8,"minecraft:gold_ingot":6,"minecraft:saddle":8,"minecraft:totem_of_undying":4,"minecraft:obsidian":9,"minecraft:cobblestone":545,"minecraft:jungle_boat":10,"minecraft:cooked_beef":1,"minecraft:jungle_log":20,"minecraft:water_bucket":2,"minecraft:andesite":16,"minecraft:leather":2,"minecraft:smoker":1,"minecraft:potato":17,"minecraft:flint":11,"minecraft:oak_log":30,"minecraft:nether_wart_block":1,"minecraft:yellow_bed":7,"minecraft:gunpowder":1,"minecraft:blue_bed":1,"minecraft:lapis_lazuli":262,"minecraft:dirt":214,"minecraft:white_banner":6,"minecraft:bone":15,"minecraft:apple":3,"minecraft:grindstone":2,"minecraft:bow":2,"minecraft:wheat_seeds":28,"minecraft:raw_gold":48,"minecraft:bell":11,"minecraft:iron_ingot":91,"minecraft:fletching_table":3,"minecraft:glass_bottle":2,"minecraft:bamboo":244,"minecraft:oak_planks":17,"minecraft:dandelion":4,"minecraft:dripstone_block":4,"minecraft:gravel":4,"minecraft:lava_bucket":1,"minecraft:jungle_planks":12,"minecraft:blast_furnace":1,"minecraft:white_bed":11,"minecraft:spider_eye":5,"minecraft:mossy_cobblestone":1,"minecraft:purple_bed":3,"minecraft:yellow_carpet":7,"minecraft:diamond":23,"minecraft:diamond_axe":4,"minecraft:iron_helmet":3,"minecraft:crossbow":1,"minecraft:granite":8,"minecraft:golden_apple":2,"minecraft:warped_roots":1,"minecraft:bread":38,"minecraft:emerald":78,"minecraft:oak_sapling":7,"minecraft:netherrack":380,"minecraft:coal":82,"minecraft:ender_pearl":1,"minecraft:diamond_pickaxe":4}},"DataVersion":3465}