{"stats":{"minecraft:mined":{"minecraft:sculk_vein":4,"minecraft:obsidian":9,"minecraft:potted_dead_bush":1,"minecraft:acacia_log":300,"minecraft:grass_block":582,"minecraft:orange_candle":1,"minecraft:chiseled_tuff_bricks":1,"universal_graves:grave":1,"minecraft:bamboo_wall_hanging_sign":1,"minecraft:cobbled_deepslate":6,"minecraft:fire":23,"minecraft:pointed_dripstone":1,"minecraft:dirt_path":10,"minecraft:orange_terracotta":97,"minecraft:light_gray_terracotta":18,"minecraft:poppy":1,"minecraft:chest":3,"minecraft:dead_bush":30,"minecraft:cobblestone":85,"minecraft:sugar_cane":12,"minecraft:white_terracotta":65,"minecraft:bamboo_planks":1,"minecraft:nether_wart_block":2,"minecraft:dirt":490,"minecraft:yellow_terracotta":51,"minecraft:decorated_pot":34,"minecraft:acacia_slab":35,"minecraft:furnace":2,"minecraft:acacia_trapdoor":9,"minecraft:waxed_copper_grate":19,"minecraft:acacia_stairs":11,"minecraft:nether_brick_fence":1,"minecraft:bookshelf":8,"minecraft:cobblestone_slab":12,"minecraft:stone":89,"minecraft:acacia_leaves":4,"easymagic:enchanting_table":1,"minecraft:dandelion":3,"minecraft:crafting_table":10,"minecraft:short_grass":241,"minecraft:tall_grass":8,"minecraft:diorite":12,"minecraft:coarse_dirt":179,"minecraft:red_terracotta":97,"minecraft:flower_pot":1,"minecraft:brown_terracotta":98,"minecraft:terracotta":202,"minecraft:acacia_planks":41},"minecraft:dropped":{"minecraft:red_mushroom":6,"minecraft:dirt":10,"minecraft:gold_nugget":1,"minecraft:bone":109,"minecraft:iron_nugget":6,"minecraft:rotten_flesh":44,"basicweapons:diamond_hammer":3,"basicweapons:wooden_dagger":1,"minecraft:gunpowder":7,"minecraft:chest":2,"minecraft:arrow":2,"minecraft:water_bucket":1,"minecraft:wheat_seeds":76,"minecraft:diamond_leggings":2,"minecraft:golden_axe":1,"minecraft:book":19,"minecraft:grass_block":1,"minecraft:coal":2,"minecraft:iron_block":1,"minecraft:wooden_axe":1,"minecraft:diamond_helmet":1,"minecraft:iron_axe":5,"minecraft:iron_shovel":1,"minecraft:bucket":6,"minecraft:flow_pottery_sherd":2,"minecraft:coarse_dirt":6,"minecraft:stone_sword":3,"minecraft:bamboo_hanging_sign":2,"minecraft:bowl":4,"minecraft:tuff":26,"minecraft:totem_of_undying":1,"minecraft:flower_pot":2,"minecraft:diamond_chestplate":2,"minecraft:iron_chestplate":2,"minecraft:golden_sword":1,"minecraft:spider_eye":6,"minecraft:diamond_boots":1,"minecraft:slime_ball":5},"minecraft:custom":{"minecraft:interact_with_crafting_table":31,"minecraft:open_barrel":73,"minecraft:bell_ring":8,"minecraft:leave_game":1,"minecraft:time_since_death":235344,"minecraft:sprint_one_cm":1052168,"minecraft:damage_blocked_by_shield":2715,"minecraft:drop":91,"minecraft:talked_to_villager":11,"minecraft:play_time":435075,"minecraft:deaths":10,"minecraft:jump":6626,"minecraft:walk_on_water_one_cm":17455,"minecraft:enchant_item":27,"minecraft:interact_with_furnace":12,"minecraft:traded_with_villager":19,"minecraft:sleep_in_bed":2,"minecraft:damage_dealt":41072,"minecraft:crouch_one_cm":7954,"minecraft:interact_with_smoker":17,"minecraft:use_cauldron":9,"minecraft:inspect_dispenser":17,"minecraft:mob_kills":318,"minecraft:interact_with_anvil":21,"minecraft:climb_one_cm":26041,"minecraft:walk_one_cm":1364371,"minecraft:sneak_time":4699,"minecraft:walk_under_water_one_cm":1464,"minecraft:interact_with_blast_furnace":5,"minecraft:total_world_time":435075,"minecraft:pot_flower":3,"minecraft:interact_with_grindstone":14,"minecraft:interact_with_stonecutter":5,"minecraft:time_since_rest":109007,"minecraft:damage_taken":6246,"minecraft:swim_one_cm":722,"minecraft:fly_one_cm":1213130,"minecraft:open_chest":27,"minecraft:fall_one_cm":106627},"minecraft:killed":{"minecraft:zombified_piglin":1,"minecraft:spider":34,"minecraft:skeleton":39,"minecraft:zombie_villager":2,"minecraft:creeper":13,"minecraft:pillager":2,"minecraft:zombie":32,"minecraft:stray":5,"minecraft:blaze":22,"minecraft:cow":72,"minecraft:bogged":2,"minecraft:slime":66,"minecraft:phantom":3,"minecraft:breeze":4,"minecraft:wither_skeleton":2,"minecraft:villager":1,"minecraft:enderman":1},"minecraft:killed_by":{"minecraft:zombie":1,"minecraft:spider":1,"minecraft:skeleton":7},"minecraft:picked_up":{"toughasnails:leaf_leggings":1,"minecraft:iron_chestplate":5,"minecraft:wheat":64,"minecraft:nether_brick_fence":1,"minecraft:flower_pot":4,"minecraft:golden_sword":1,"minecraft:string":48,"minecraft:diamond_leggings":2,"minecraft:gold_nugget":1,"minecraft:cobbled_deepslate":62,"minecraft:bucket":8,"toughasnails:leaf_boots":1,"minecraft:trial_key":10,"minecraft:cobblestone_slab":13,"minecraft:iron_pickaxe":1,"minecraft:melon_slice":52,"minecraft:furnace":2,"minecraft:tipped_arrow":27,"minecraft:stick":117,"minecraft:brown_terracotta":93,"minecraft:acacia_log":295,"minecraft:golden_axe":1,"minecraft:pointed_dripstone":2,"minecraft:waxed_copper_grate":28,"minecraft:diorite":12,"minecraft:stone_sword":2,"minecraft:rotten_flesh":67,"minecraft:iron_block":1,"minecraft:white_terracotta":65,"basicweapons:diamond_hammer":4,"minecraft:blaze_rod":7,"minecraft:obsidian":9,"minecraft:cobblestone":174,"minecraft:enchanting_table":1,"minecraft:cooked_beef":21,"minecraft:water_bucket":2,"minecraft:golden_leggings":2,"minecraft:tuff":26,"minecraft:dirt":1137,"minecraft:bone":177,"minecraft:acacia_planks":43,"basicweapons:iron_spear":1,"minecraft:bow":7,"minecraft:wheat_seeds":113,"minecraft:cobbled_deepslate_slab":35,"minecraft:diamond_helmet":1,"minecraft:scrape_pottery_sherd":3,"basicweapons:iron_hammer":2,"minecraft:grass_block":1,"minecraft:dead_bush":1,"toughasnails:leather_water_canteen":1,"minecraft:acacia_stairs":14,"minecraft:red_terracotta":93,"minecraft:light_gray_terracotta":18,"minecraft:crossbow":1,"minecraft:breeze_rod":10,"minecraft:bread":11,"minecraft:emerald":33,"minecraft:diamond_pickaxe":1,"minecraft:crafting_table":11,"minecraft:coarse_dirt":183,"resource_backpacks:backpack_gold":1,"minecraft:ominous_bottle":2,"minecraft:leather_leggings":1,"minecraft:shield":1,"minecraft:brick":123,"minecraft:wind_charge":1,"minecraft:iron_axe":5,"minecraft:acacia_door":1,"minecraft:iron_shovel":2,"minecraft:beef":223,"minecraft:iron_nugget":1,"minecraft:guster_pottery_sherd":5,"minecraft:sugar_cane":24,"minecraft:chest":5,"minecraft:phantom_membrane":7,"minecraft:raw_iron":17,"minecraft:bamboo_hanging_sign":5,"minecraft:fire_charge":30,"minecraft:flow_pottery_sherd":3,"minecraft:arrow":145,"minecraft:diamond_chestplate":2,"minecraft:decorated_pot":1,"minecraft:shears":1,"minecraft:diamond_boots":1,"minecraft:yellow_terracotta":51,"minecraft:totem_of_undying":1,"minecraft:gold_ingot":2,"basicweapons:iron_quarterstaff":1,"minecraft:leather":182,"minecraft:red_mushroom":6,"minecraft:nether_wart_block":2,"minecraft:gunpowder":17,"minecraft:orange_terracotta":100,"minecraft:apple":4,"minecraft:acacia_trapdoor":8,"minecraft:iron_ingot":16,"minecraft:cooked_chicken":2,"minecraft:acacia_sapling":109,"minecraft:book":43,"minecraft:bamboo_planks":1,"minecraft:emerald_block":1,"minecraft:dandelion":3,"minecraft:gravel":7,"toughasnails:empty_leather_canteen":1,"minecraft:orange_candle":4,"minecraft:spider_eye":18,"minecraft:slime_ball":55,"minecraft:painting":1,"minecraft:terracotta":201,"minecraft:baked_potato":2,"minecraft:acacia_slab":37,"minecraft:coal":2,"minecraft:chiseled_tuff_bricks":1,"minecraft:ender_pearl":1},"minecraft:crafted":{"minecraft:smooth_stone":3,"minecraft:cobblestone_slab":18,"minecraft:blaze_powder":14,"minecraft:stone":3,"minecraft:bookshelf":2,"minecraft:bow":4,"toughasnails:leaf_helmet":1,"minecraft:ender_eye":7,"minecraft:acacia_wood":15,"minecraft:emerald":28,"minecraft:cauldron":2,"minecraft:crafting_table":1,"minecraft:acacia_slab":30,"toughasnails:ice_cream":4,"minecraft:book":7,"minecraft:paper":21,"minecraft:iron_ingot":26,"minecraft:iron_block":3,"minecraft:gold_ingot":7,"resource_backpacks:backpack_iron":1,"resource_backpacks:backpack_diamond":1,"minecraft:iron_nugget":9,"minecraft:furnace":1,"minecraft:blast_furnace":1,"minecraft:flint_and_steel":1,"minecraft:lantern":1,"minecraft:stone_pickaxe":1,"basicweapons:diamond_hammer":2,"minecraft:cooked_beef":118,"minecraft:sugar":8,"toughasnails:empty_diamond_canteen":1,"minecraft:acacia_trapdoor":16,"minecraft:bowl":4,"minecraft:acacia_stairs":68,"minecraft:stone_axe":3,"minecraft:air":0,"minecraft:wooden_axe":1,"minecraft:anvil":1,"minecraft:acacia_planks":368},"minecraft:used":{"minecraft:nether_brick_fence":1,"minecraft:iron_shovel":96,"minecraft:ladder":12,"minecraft:decorated_pot":1,"minecraft:chest":8,"minecraft:shield":50,"minecraft:white_terracotta":21,"minecraft:zombie_spawn_egg":2,"minecraft:bell":3,"minecraft:rotten_flesh":1,"minecraft:iron_chestplate":1,"minecraft:waxed_copper_grate":18,"minecraft:obsidian":15,"minecraft:lava_bucket":11,"minecraft:villager_spawn_egg":16,"minecraft:lantern":4,"minecraft:grass_block":13,"minecraft:light_blue_bed":1,"minecraft:item_frame":2,"basicweapons:iron_quarterstaff":23,"minecraft:bow":4,"toughasnails:leather_water_canteen":59,"minecraft:furnace":4,"minecraft:acacia_fence":36,"minecraft:leather_leggings":1,"minecraft:acacia_trapdoor":74,"minecraft:glow_berries":2,"minecraft:yellow_terracotta":86,"basicweapons:diamond_hammer":324,"minecraft:blast_furnace":1,"minecraft:light_gray_terracotta":13,"minecraft:acacia_door":12,"minecraft:bread":7,"minecraft:melon_slice":52,"toughasnails:empty_diamond_canteen":2,"minecraft:red_terracotta":353,"minecraft:soul_lantern":1,"minecraft:chiseled_tuff_bricks":1,"minecraft:nether_wart_block":2,"basicweapons:iron_hammer":132,"minecraft:grindstone":1,"minecraft:coarse_dirt":11,"minecraft:enchanting_table":2,"minecraft:acacia_log":356,"minecraft:flint_and_steel":8,"toughasnails:leaf_helmet":1,"toughasnails:water_purifier":5,"minecraft:armor_stand":2,"minecraft:cooked_chicken":1,"minecraft:trial_key":5,"minecraft:dirt":1420,"minecraft:anvil":2,"toughasnails:diamond_purified_water_canteen":12,"minecraft:orange_candle":28,"minecraft:bookshelf":62,"minecraft:iron_axe":481,"minecraft:bamboo_hanging_sign":1,"minecraft:acacia_slab":510,"minecraft:barrel":17,"minecraft:diamond_chestplate":1,"advancednetherite:netherite_diamond_shovel":1327,"minecraft:acacia_wood":33,"minecraft:cooked_beef":31,"minecraft:acacia_planks":662,"minecraft:cobbled_deepslate":161,"minecraft:orange_terracotta":323,"minecraft:bamboo_planks":1,"minecraft:pointed_dripstone":4,"toughasnails:empty_leather_canteen":8,"minecraft:water_bucket":53,"toughasnails:leaf_leggings":1,"minecraft:baked_potato":11,"minecraft:cauldron":2,"minecraft:cobblestone_slab":27,"minecraft:terracotta":298,"minecraft:crafting_table":15,"minecraft:red_bed":9,"toughasnails:diamond_water_canteen":20,"minecraft:brown_banner":34,"minecraft:painting":139,"minecraft:flower_pot":5,"minecraft:acacia_stairs":662,"minecraft:diamond_pickaxe":906,"toughasnails:ice_cream":7,"minecraft:cobblestone":83,"minecraft:bucket":61,"minecraft:glass_pane":111,"minecraft:diamond_leggings":1}},"DataVersion":3953}