{"stats":{"minecraft:used":{"minecraft:nether_brick_fence":1,"minecraft:iron_shovel":96,"minecraft:poppy":4,"minecraft:diamond_hoe":257,"minecraft:ladder":12,"minecraft:decorated_pot":1,"minecraft:chest":12,"minecraft:shield":61,"minecraft:white_terracotta":65,"minecraft:zombie_spawn_egg":2,"minecraft:bell":3,"minecraft:rotten_flesh":1,"minecraft:iron_chestplate":1,"minecraft:brick_slab":4,"minecraft:jungle_slab":4,"minecraft:waxed_copper_grate":18,"minecraft:obsidian":15,"minecraft:lava_bucket":11,"minecraft:villager_spawn_egg":26,"minecraft:lantern":21,"minecraft:grass_block":13,"minecraft:light_blue_bed":1,"minecraft:crimson_roots":1,"minecraft:item_frame":2,"basicweapons:iron_quarterstaff":23,"minecraft:bow":4,"toughasnails:leather_water_canteen":59,"minecraft:furnace":4,"minecraft:acacia_fence":96,"minecraft:diorite":12,"minecraft:leather_leggings":1,"minecraft:acacia_trapdoor":82,"minecraft:composter":2,"minecraft:sugar_cane":24,"minecraft:glow_berries":2,"minecraft:sand":5,"minecraft:yellow_terracotta":255,"basicweapons:diamond_hammer":591,"minecraft:blast_furnace":1,"minecraft:light_gray_terracotta":15,"minecraft:shears":1,"minecraft:acacia_door":21,"minecraft:melon_slice":52,"minecraft:bread":7,"toughasnails:empty_diamond_canteen":4,"minecraft:red_terracotta":394,"minecraft:soul_lantern":1,"minecraft:chiseled_tuff_bricks":1,"minecraft:nether_wart_block":3,"basicweapons:iron_hammer":132,"minecraft:grindstone":1,"minecraft:coarse_dirt":21,"minecraft:bone_meal":51,"toughasnails:thermoregulator":2,"minecraft:enchanting_table":2,"minecraft:acacia_log":358,"minecraft:flint_and_steel":16,"toughasnails:leaf_helmet":1,"toughasnails:water_purifier":5,"minecraft:carved_pumpkin":2,"minecraft:armor_stand":2,"minecraft:netherrack":168,"minecraft:trial_key":5,"minecraft:cooked_chicken":1,"minecraft:torch":11,"minecraft:dirt":2246,"minecraft:anvil":2,"toughasnails:diamond_purified_water_canteen":50,"minecraft:diamond_helmet":2,"minecraft:orange_candle":45,"minecraft:brown_terracotta":126,"minecraft:dark_oak_planks":1,"minecraft:bookshelf":62,"minecraft:iron_axe":815,"minecraft:acacia_slab":513,"minecraft:bamboo_hanging_sign":1,"minecraft:barrel":17,"minecraft:diamond_chestplate":1,"advancednetherite:netherite_diamond_shovel":1772,"minecraft:acacia_wood":34,"minecraft:cooked_beef":80,"minecraft:acacia_planks":840,"minecraft:cobbled_deepslate":168,"minecraft:orange_terracotta":353,"minecraft:pumpkin":1,"minecraft:bamboo_planks":1,"toughasnails:empty_leather_canteen":8,"minecraft:pointed_dripstone":4,"minecraft:wheat_seeds":107,"minecraft:water_bucket":70,"toughasnails:leaf_leggings":1,"minecraft:snow_block":4,"minecraft:baked_potato":11,"minecraft:cauldron":2,"minecraft:stonecutter":1,"minecraft:cobblestone_slab":27,"minecraft:snow_golem_spawn_egg":12,"minecraft:terracotta":1371,"minecraft:crafting_table":17,"minecraft:red_bed":9,"toughasnails:diamond_water_canteen":25,"minecraft:brown_banner":34,"minecraft:painting":139,"minecraft:cake":1,"minecraft:flower_pot":5,"minecraft:acacia_stairs":664,"minecraft:diamond_pickaxe":1768,"toughasnails:temperature_gauge":8,"sawmill:sawmill":1,"toughasnails:ice_cream":29,"minecraft:acacia_fence_gate":4,"minecraft:cobblestone":107,"minecraft:cobbled_deepslate_slab":152,"minecraft:bucket":79,"minecraft:glass_pane":111,"minecraft:diamond_leggings":1},"minecraft:crafted":{"minecraft:smooth_stone":3,"minecraft:cobblestone_slab":18,"minecraft:blaze_powder":14,"toughasnails:temperature_gauge":1,"minecraft:stone":6,"minecraft:bookshelf":2,"minecraft:bow":4,"minecraft:chest":4,"toughasnails:leaf_helmet":1,"minecraft:acacia_fence":60,"minecraft:bricks":3,"minecraft:ender_eye":7,"toughasnails:thermometer":1,"minecraft:acacia_wood":15,"minecraft:emerald":28,"minecraft:cauldron":2,"minecraft:crafting_table":3,"minecraft:acacia_slab":30,"toughasnails:ice_cream":42,"minecraft:book":7,"minecraft:paper":21,"minecraft:iron_ingot":26,"minecraft:snow_block":3,"minecraft:iron_block":3,"minecraft:gold_ingot":7,"resource_backpacks:backpack_iron":1,"resource_backpacks:backpack_diamond":1,"minecraft:composter":2,"minecraft:cobbled_deepslate_slab":20,"minecraft:iron_nugget":180,"minecraft:diamond_hoe":1,"minecraft:acacia_fence_gate":3,"minecraft:furnace":1,"minecraft:blast_furnace":1,"minecraft:bone_meal":51,"minecraft:flint_and_steel":1,"minecraft:lantern":22,"minecraft:stone_pickaxe":1,"basicweapons:diamond_hammer":2,"minecraft:brick_slab":6,"minecraft:lead":2,"minecraft:cooked_beef":363,"minecraft:sugar":58,"toughasnails:empty_diamond_canteen":2,"minecraft:acacia_trapdoor":20,"minecraft:bowl":60,"minecraft:acacia_stairs":68,"minecraft:stone_axe":3,"minecraft:air":0,"minecraft:wooden_axe":1,"minecraft:stonecutter":1,"minecraft:anvil":1,"minecraft:acacia_planks":524,"minecraft:torch":48},"minecraft:picked_up":{"toughasnails:leaf_leggings":1,"minecraft:iron_chestplate":5,"minecraft:wheat":281,"minecraft:nether_brick_fence":1,"minecraft:flower_pot":4,"minecraft:golden_sword":2,"minecraft:string":72,"minecraft:soul_soil":4,"toughasnails:ice_cream":5,"minecraft:diamond_leggings":2,"minecraft:gold_nugget":7,"minecraft:cobbled_deepslate":62,"minecraft:bucket":8,"toughasnails:leaf_boots":1,"minecraft:acacia_fence_gate":3,"minecraft:trial_key":10,"minecraft:cobblestone_slab":13,"minecraft:iron_pickaxe":1,"minecraft:melon_slice":52,"minecraft:furnace":2,"minecraft:tipped_arrow":28,"minecraft:golden_helmet":2,"minecraft:stick":222,"minecraft:acacia_fence":12,"minecraft:brown_terracotta":189,"minecraft:acacia_log":494,"minecraft:porkchop":12,"minecraft:golden_axe":1,"minecraft:waxed_copper_grate":28,"minecraft:pointed_dripstone":2,"minecraft:diorite":12,"minecraft:stone_sword":2,"minecraft:rotten_flesh":261,"minecraft:carved_pumpkin":1,"minecraft:iron_block":1,"minecraft:white_terracotta":65,"basicweapons:diamond_hammer":4,"minecraft:blaze_rod":25,"minecraft:obsidian":9,"minecraft:snowball":116,"minecraft:cobblestone":204,"minecraft:enchanting_table":1,"minecraft:cooked_beef":22,"minecraft:water_bucket":2,"minecraft:golden_leggings":2,"minecraft:potato":1,"minecraft:tuff":26,"minecraft:lapis_lazuli":55,"minecraft:dirt":1984,"minecraft:leather_boots":1,"minecraft:bone":282,"minecraft:acacia_planks":133,"basicweapons:iron_spear":1,"minecraft:bow":8,"minecraft:wheat_seeds":438,"minecraft:cobbled_deepslate_slab":75,"minecraft:diamond_helmet":1,"minecraft:scrape_pottery_sherd":3,"basicweapons:iron_hammer":2,"minecraft:sand":5,"minecraft:grass_block":1,"minecraft:dead_bush":1,"toughasnails:leather_water_canteen":1,"minecraft:acacia_stairs":16,"minecraft:jungle_slab":1,"minecraft:red_terracotta":93,"minecraft:light_gray_terracotta":24,"minecraft:crossbow":1,"minecraft:breeze_rod":10,"minecraft:bread":11,"minecraft:emerald":33,"minecraft:netherrack":171,"minecraft:crimson_roots":2,"minecraft:diamond_pickaxe":1,"minecraft:crafting_table":11,"minecraft:coarse_dirt":202,"toughasnails:temperature_gauge":7,"resource_backpacks:backpack_gold":1,"minecraft:ominous_bottle":2,"minecraft:leather_leggings":3,"minecraft:brick":124,"minecraft:shield":1,"minecraft:wind_charge":1,"minecraft:acacia_door":10,"minecraft:iron_axe":5,"minecraft:flint_and_steel":1,"minecraft:iron_shovel":2,"toughasnails:thermoregulator":2,"minecraft:beef":436,"sawmill:sawmill":1,"minecraft:iron_nugget":1,"minecraft:poppy":6,"minecraft:guster_pottery_sherd":5,"minecraft:sugar_cane":42,"minecraft:chest":5,"minecraft:phantom_membrane":62,"minecraft:raw_iron":17,"minecraft:bamboo_hanging_sign":5,"minecraft:fire_charge":30,"minecraft:flow_pottery_sherd":3,"minecraft:dark_oak_planks":1,"minecraft:weeping_vines":1,"minecraft:arrow":184,"minecraft:diamond_chestplate":2,"minecraft:decorated_pot":1,"minecraft:shears":1,"minecraft:diamond_boots":1,"minecraft:yellow_terracotta":79,"minecraft:totem_of_undying":1,"minecraft:gold_ingot":2,"basicweapons:iron_quarterstaff":1,"advancednetherite:netherite_diamond_shovel":2,"minecraft:leather":345,"minecraft:red_mushroom":6,"minecraft:acacia_wood":1,"minecraft:nether_wart_block":4,"minecraft:gunpowder":29,"minecraft:orange_terracotta":108,"minecraft:apple":4,"minecraft:acacia_trapdoor":13,"minecraft:iron_ingot":19,"minecraft:cooked_chicken":2,"minecraft:soul_sand":54,"minecraft:acacia_sapling":176,"minecraft:book":43,"minecraft:emerald_block":1,"minecraft:bamboo_planks":1,"minecraft:quartz":10,"minecraft:dandelion":3,"minecraft:gravel":7,"toughasnails:empty_leather_canteen":1,"minecraft:orange_candle":8,"minecraft:spider_eye":32,"minecraft:leather_helmet":1,"minecraft:brick_slab":4,"minecraft:pumpkin_seeds":4,"minecraft:slime_ball":55,"minecraft:painting":1,"minecraft:terracotta":667,"minecraft:baked_potato":2,"minecraft:acacia_slab":39,"minecraft:coal":107,"minecraft:chiseled_tuff_bricks":1,"minecraft:ender_pearl":1},"minecraft:killed_by":{"minecraft:zombie":1,"minecraft:spider":1,"minecraft:skeleton":7},"minecraft:custom":{"minecraft:interact_with_crafting_table":62,"minecraft:open_barrel":126,"minecraft:bell_ring":8,"minecraft:leave_game":3,"minecraft:time_since_death":491872,"minecraft:sprint_one_cm":1925665,"minecraft:damage_blocked_by_shield":3420,"minecraft:drop":195,"minecraft:talked_to_villager":18,"minecraft:play_time":691603,"minecraft:deaths":10,"minecraft:jump":11521,"minecraft:walk_on_water_one_cm":21257,"minecraft:enchant_item":29,"minecraft:interact_with_furnace":16,"minecraft:traded_with_villager":19,"minecraft:sleep_in_bed":9,"minecraft:damage_dealt":81270,"minecraft:crouch_one_cm":19244,"minecraft:interact_with_smoker":33,"minecraft:use_cauldron":9,"minecraft:inspect_dispenser":17,"minecraft:mob_kills":555,"minecraft:interact_with_anvil":22,"minecraft:climb_one_cm":41233,"minecraft:walk_one_cm":2199801,"minecraft:sneak_time":9230,"minecraft:walk_under_water_one_cm":3169,"minecraft:interact_with_blast_furnace":8,"minecraft:total_world_time":691603,"minecraft:pot_flower":3,"minecraft:interact_with_grindstone":16,"minecraft:interact_with_stonecutter":12,"minecraft:time_since_rest":41777,"minecraft:damage_taken":9641,"minecraft:swim_one_cm":722,"minecraft:fly_one_cm":2132427,"minecraft:open_chest":46,"minecraft:fall_one_cm":213135},"minecraft:dropped":{"minecraft:lapis_lazuli":55,"minecraft:cooked_beef":34,"minecraft:weeping_vines":1,"minecraft:red_mushroom":6,"minecraft:dirt":1111,"toughasnails:ice_cream":35,"minecraft:gold_nugget":1,"minecraft:acacia_door":1,"minecraft:bone":257,"minecraft:iron_nugget":9,"minecraft:rotten_flesh":63,"basicweapons:diamond_hammer":3,"basicweapons:wooden_dagger":1,"minecraft:gunpowder":14,"minecraft:chest":2,"minecraft:leather_leggings":1,"toughasnails:empty_diamond_canteen":1,"minecraft:arrow":3,"minecraft:water_bucket":1,"minecraft:wheat_seeds":287,"minecraft:diamond_leggings":3,"minecraft:cobblestone":6,"minecraft:golden_axe":1,"minecraft:book":19,"minecraft:grass_block":1,"minecraft:coal":14,"minecraft:stick":39,"minecraft:iron_block":1,"minecraft:wooden_axe":1,"minecraft:nether_wart_block":1,"minecraft:diamond_helmet":2,"minecraft:iron_axe":5,"advancednetherite:netherite_diamond_shovel":2,"minecraft:iron_shovel":1,"minecraft:bucket":6,"minecraft:acacia_planks":3,"minecraft:flow_pottery_sherd":2,"minecraft:coarse_dirt":12,"minecraft:stone_sword":3,"minecraft:bamboo_hanging_sign":2,"minecraft:light_gray_terracotta":2,"minecraft:bowl":4,"minecraft:tuff":26,"minecraft:totem_of_undying":1,"minecraft:flint_and_steel":1,"minecraft:potato":1,"minecraft:flower_pot":2,"minecraft:diamond_chestplate":2,"basicweapons:iron_quarterstaff":1,"minecraft:iron_chestplate":3,"minecraft:golden_sword":2,"minecraft:spider_eye":6,"minecraft:diamond_boots":2,"minecraft:slime_ball":5,"minecraft:brick":1},"minecraft:killed":{"minecraft:cave_spider":3,"minecraft:zombified_piglin":3,"minecraft:spider":42,"minecraft:skeleton":55,"minecraft:piglin":4,"minecraft:zombie_villager":5,"minecraft:iron_golem":1,"minecraft:creeper":19,"minecraft:pillager":2,"minecraft:zombie":103,"minecraft:stray":5,"minecraft:blaze":30,"minecraft:cow":145,"minecraft:bogged":5,"minecraft:slime":66,"minecraft:phantom":31,"minecraft:snow_golem":1,"minecraft:hoglin":4,"minecraft:breeze":4,"minecraft:wither_skeleton":2,"minecraft:villager":2,"minecraft:enderman":3},"minecraft:mined":{"minecraft:dark_oak_planks":1,"minecraft:farmland":1,"minecraft:jungle_slab":1,"minecraft:sculk_vein":4,"minecraft:carved_pumpkin":1,"minecraft:obsidian":9,"minecraft:potted_dead_bush":1,"minecraft:acacia_log":499,"minecraft:grass_block":808,"minecraft:orange_candle":4,"minecraft:soul_soil":4,"minecraft:chiseled_tuff_bricks":1,"minecraft:weeping_vines_plant":2,"universal_graves:grave":1,"minecraft:bamboo_wall_hanging_sign":1,"minecraft:cobbled_deepslate":6,"minecraft:fire":26,"toughasnails:temperature_gauge":7,"minecraft:pointed_dripstone":1,"minecraft:dirt_path":14,"minecraft:crimson_nylium":4,"minecraft:orange_terracotta":105,"minecraft:light_gray_terracotta":20,"minecraft:poppy":2,"minecraft:chest":3,"minecraft:dead_bush":47,"minecraft:nether_quartz_ore":1,"minecraft:cobblestone":89,"minecraft:sugar_cane":22,"minecraft:white_terracotta":65,"minecraft:bamboo_planks":1,"minecraft:nether_wart_block":4,"minecraft:wheat":38,"minecraft:sand":5,"minecraft:dirt":615,"toughasnails:thermoregulator":2,"minecraft:netherrack":173,"minecraft:yellow_terracotta":79,"minecraft:cobbled_deepslate_slab":35,"sawmill:sawmill":1,"minecraft:decorated_pot":34,"minecraft:crimson_roots":2,"minecraft:acacia_slab":37,"minecraft:furnace":2,"minecraft:acacia_trapdoor":14,"minecraft:waxed_copper_grate":19,"minecraft:snow":50,"minecraft:acacia_wood":1,"minecraft:acacia_stairs":13,"minecraft:nether_brick_fence":1,"minecraft:bookshelf":8,"minecraft:cobblestone_slab":12,"minecraft:stone":115,"minecraft:acacia_leaves":17,"minecraft:soul_sand":54,"easymagic:enchanting_table":1,"minecraft:dandelion":3,"minecraft:crafting_table":10,"minecraft:short_grass":315,"minecraft:tall_grass":14,"minecraft:diorite":12,"minecraft:brick_slab":1,"minecraft:red_terracotta":97,"minecraft:coarse_dirt":190,"minecraft:acacia_fence_gate":1,"minecraft:coal_ore":4,"minecraft:flower_pot":1,"minecraft:acacia_door":7,"minecraft:brown_terracotta":193,"minecraft:terracotta":670,"minecraft:acacia_planks":127}},"DataVersion":3953}