{"stats":{"minecraft:custom":{"minecraft:interact_with_furnace":3,"minecraft:mob_kills":48,"minecraft:interact_with_crafting_table":4,"minecraft:open_barrel":7,"minecraft:leave_game":1,"minecraft:time_since_death":32768,"minecraft:climb_one_cm":3776,"minecraft:time_since_rest":32768,"minecraft:sprint_one_cm":83723,"minecraft:damage_taken":539,"minecraft:walk_one_cm":56703,"minecraft:damage_blocked_by_shield":150,"minecraft:damage_dealt":5150,"minecraft:fly_one_cm":75196,"minecraft:open_chest":11,"minecraft:crouch_one_cm":2777,"minecraft:play_time":32768,"minecraft:sneak_time":1022,"minecraft:jump":538,"minecraft:walk_on_water_one_cm":5664,"minecraft:total_world_time":32768,"minecraft:fall_one_cm":7474,"minecraft:inspect_dispenser":14},"minecraft:killed":{"minecraft:bogged":1,"minecraft:spider":10,"minecraft:slime":20,"minecraft:skeleton":10,"minecraft:stray":5},"minecraft:crafted":{"minecraft:air":0,"minecraft:gold_ingot":7,"resource_backpacks:backpack_iron":1,"resource_backpacks:backpack_diamond":1},"minecraft:used":{"minecraft:water_bucket":24,"minecraft:enchanting_table":1,"minecraft:decorated_pot":1,"minecraft:shield":5,"minecraft:crafting_table":4,"minecraft:waxed_copper_grate":18,"minecraft:diamond_pickaxe":38,"minecraft:iron_axe":17,"minecraft:melon_slice":9,"minecraft:bamboo_hanging_sign":1,"minecraft:chiseled_tuff_bricks":1,"toughasnails:leather_water_canteen":14,"basicweapons:iron_hammer":76,"minecraft:bucket":22,"minecraft:cooked_beef":4,"minecraft:bamboo_planks":1,"toughasnails:empty_leather_canteen":2},"minecraft:mined":{"minecraft:sculk_vein":3,"easymagic:enchanting_table":1,"minecraft:crafting_table":5,"minecraft:decorated_pot":17,"minecraft:chest":2,"minecraft:dead_bush":2,"minecraft:chiseled_tuff_bricks":1,"minecraft:bamboo_wall_hanging_sign":1,"minecraft:bamboo_planks":1,"minecraft:furnace":1,"minecraft:waxed_copper_grate":18},"minecraft:picked_up":{"toughasnails:leaf_leggings":1,"minecraft:enchanting_table":1,"minecraft:crafting_table":6,"minecraft:iron_chestplate":1,"resource_backpacks:backpack_gold":1,"minecraft:cooked_beef":12,"minecraft:water_bucket":1,"minecraft:shield":1,"minecraft:brick":60,"minecraft:dirt":18,"minecraft:string":19,"minecraft:iron_shovel":1,"minecraft:bone":30,"minecraft:apple":4,"basicweapons:iron_spear":1,"minecraft:bow":3,"minecraft:cobbled_deepslate":56,"minecraft:bucket":2,"minecraft:cobbled_deepslate_slab":35,"toughasnails:leaf_boots":1,"minecraft:iron_ingot":6,"minecraft:trial_key":4,"minecraft:iron_pickaxe":1,"minecraft:guster_pottery_sherd":3,"minecraft:melon_slice":52,"minecraft:chest":2,"minecraft:scrape_pottery_sherd":1,"minecraft:furnace":1,"minecraft:tipped_arrow":1,"minecraft:stick":25,"minecraft:raw_iron":17,"basicweapons:iron_hammer":1,"minecraft:bamboo_planks":1,"minecraft:bamboo_hanging_sign":1,"minecraft:gravel":7,"minecraft:fire_charge":30,"minecraft:waxed_copper_grate":27,"minecraft:spider_eye":3,"minecraft:arrow":75,"minecraft:slime_ball":16,"minecraft:decorated_pot":1,"minecraft:shears":1,"minecraft:breeze_rod":3,"minecraft:emerald":17,"minecraft:gold_ingot":2,"minecraft:bread":3,"minecraft:chiseled_tuff_bricks":1,"basicweapons:iron_quarterstaff":1,"minecraft:diamond_pickaxe":1}},"DataVersion":3953}