{"stats":{"minecraft:custom":{"minecraft:interact_with_furnace":3,"minecraft:mob_kills":37,"minecraft:interact_with_crafting_table":4,"minecraft:open_barrel":7,"minecraft:leave_game":1,"minecraft:time_since_death":18667,"minecraft:climb_one_cm":3744,"minecraft:time_since_rest":18667,"minecraft:sprint_one_cm":68454,"minecraft:damage_taken":254,"minecraft:walk_one_cm":40996,"minecraft:damage_blocked_by_shield":60,"minecraft:damage_dealt":3320,"minecraft:fly_one_cm":61463,"minecraft:open_chest":9,"minecraft:crouch_one_cm":1107,"minecraft:play_time":18667,"minecraft:sneak_time":388,"minecraft:jump":388,"minecraft:walk_on_water_one_cm":1495,"minecraft:total_world_time":18667,"minecraft:fall_one_cm":5712,"minecraft:inspect_dispenser":1},"minecraft:killed":{"minecraft:bogged":1,"minecraft:spider":10,"minecraft:slime":20,"minecraft:skeleton":4},"minecraft:crafted":{"minecraft:air":0,"minecraft:gold_ingot":7,"resource_backpacks:backpack_iron":1,"resource_backpacks:backpack_diamond":1},"minecraft:used":{"minecraft:water_bucket":8,"minecraft:enchanting_table":1,"minecraft:decorated_pot":1,"minecraft:shield":2,"minecraft:crafting_table":4,"minecraft:waxed_copper_grate":18,"minecraft:diamond_pickaxe":37,"minecraft:iron_axe":16,"toughasnails:leather_water_canteen":7,"basicweapons:iron_hammer":55,"minecraft:bucket":8,"minecraft:cooked_beef":3,"minecraft:bamboo_planks":1,"toughasnails:empty_leather_canteen":1},"minecraft:mined":{"minecraft:sculk_vein":3,"easymagic:enchanting_table":1,"minecraft:crafting_table":5,"minecraft:decorated_pot":17,"minecraft:chest":2,"minecraft:dead_bush":2,"minecraft:bamboo_planks":1,"minecraft:furnace":1,"minecraft:waxed_copper_grate":18},"minecraft:picked_up":{"toughasnails:leaf_leggings":1,"minecraft:enchanting_table":1,"minecraft:crafting_table":6,"minecraft:iron_chestplate":1,"resource_backpacks:backpack_gold":1,"minecraft:cooked_beef":12,"minecraft:water_bucket":1,"minecraft:shield":1,"minecraft:brick":60,"minecraft:dirt":18,"minecraft:string":19,"minecraft:iron_shovel":1,"minecraft:bone":13,"minecraft:apple":4,"basicweapons:iron_spear":1,"minecraft:bow":1,"minecraft:cobbled_deepslate":56,"minecraft:bucket":2,"minecraft:cobbled_deepslate_slab":35,"toughasnails:leaf_boots":1,"minecraft:iron_ingot":6,"minecraft:trial_key":2,"minecraft:iron_pickaxe":1,"minecraft:guster_pottery_sherd":3,"minecraft:melon_slice":52,"minecraft:chest":2,"minecraft:scrape_pottery_sherd":1,"minecraft:furnace":1,"minecraft:stick":25,"minecraft:raw_iron":17,"basicweapons:iron_hammer":1,"minecraft:bamboo_planks":1,"minecraft:gravel":7,"minecraft:fire_charge":30,"minecraft:waxed_copper_grate":27,"minecraft:spider_eye":3,"minecraft:arrow":62,"minecraft:slime_ball":16,"minecraft:decorated_pot":1,"minecraft:shears":1,"minecraft:breeze_rod":3,"minecraft:emerald":17,"minecraft:gold_ingot":2,"minecraft:bread":3,"basicweapons:iron_quarterstaff":1,"minecraft:diamond_pickaxe":1}},"DataVersion":3953}