{"stats":{"minecraft:used":{"minecraft:nether_brick_fence":1,"minecraft:iron_shovel":96,"minecraft:poppy":5,"minecraft:diamond_hoe":257,"minecraft:ladder":12,"minecraft:decorated_pot":1,"minecraft:chest":14,"minecraft:shield":65,"minecraft:white_terracotta":65,"minecraft:zombie_spawn_egg":2,"minecraft:bell":3,"minecraft:rotten_flesh":1,"minecraft:iron_chestplate":1,"minecraft:brick_slab":4,"minecraft:jungle_slab":4,"minecraft:waxed_copper_grate":18,"minecraft:obsidian":15,"minecraft:lava_bucket":11,"minecraft:villager_spawn_egg":26,"minecraft:lantern":41,"minecraft:grass_block":13,"minecraft:light_blue_bed":1,"minecraft:crimson_roots":2,"minecraft:item_frame":2,"basicweapons:iron_quarterstaff":23,"minecraft:bow":13,"toughasnails:leather_water_canteen":59,"minecraft:furnace":4,"minecraft:acacia_fence":148,"minecraft:diorite":12,"minecraft:leather_leggings":1,"minecraft:acacia_trapdoor":86,"minecraft:blackstone":8,"minecraft:composter":2,"minecraft:sugar_cane":28,"minecraft:glow_berries":2,"minecraft:sand":5,"minecraft:yellow_terracotta":255,"basicweapons:diamond_hammer":791,"minecraft:blast_furnace":1,"minecraft:light_gray_terracotta":15,"minecraft:shears":1,"minecraft:acacia_door":22,"minecraft:melon_slice":52,"minecraft:bread":7,"toughasnails:empty_diamond_canteen":4,"minecraft:red_terracotta":394,"minecraft:gravel":2,"minecraft:soul_lantern":3,"minecraft:chiseled_tuff_bricks":1,"minecraft:nether_wart_block":3,"basicweapons:iron_hammer":132,"minecraft:grindstone":1,"minecraft:coarse_dirt":32,"minecraft:bone_meal":51,"toughasnails:thermoregulator":2,"minecraft:enchanting_table":2,"minecraft:acacia_log":358,"minecraft:flint_and_steel":16,"toughasnails:leaf_helmet":1,"toughasnails:water_purifier":5,"minecraft:carved_pumpkin":2,"minecraft:armor_stand":2,"minecraft:netherrack":1335,"minecraft:trial_key":5,"minecraft:cooked_chicken":1,"minecraft:torch":11,"minecraft:dirt":2319,"minecraft:anvil":2,"toughasnails:diamond_purified_water_canteen":81,"minecraft:diamond_helmet":3,"minecraft:orange_candle":45,"minecraft:brown_terracotta":135,"minecraft:dark_oak_planks":1,"minecraft:bookshelf":62,"minecraft:iron_axe":828,"minecraft:acacia_slab":513,"minecraft:bamboo_hanging_sign":1,"minecraft:barrel":17,"minecraft:diamond_chestplate":1,"minecraft:basalt":19,"advancednetherite:netherite_diamond_shovel":2212,"minecraft:acacia_wood":34,"minecraft:cooked_beef":115,"minecraft:acacia_planks":840,"minecraft:cobbled_deepslate":168,"minecraft:orange_terracotta":353,"minecraft:pumpkin":1,"minecraft:bamboo_planks":1,"toughasnails:empty_leather_canteen":8,"minecraft:pointed_dripstone":4,"minecraft:wheat_seeds":107,"minecraft:water_bucket":70,"toughasnails:leaf_leggings":1,"minecraft:snow_block":4,"minecraft:baked_potato":11,"minecraft:cauldron":2,"minecraft:stonecutter":1,"minecraft:cobblestone_slab":29,"minecraft:snow_golem_spawn_egg":12,"minecraft:terracotta":1376,"minecraft:crafting_table":17,"minecraft:red_bed":9,"toughasnails:diamond_water_canteen":25,"minecraft:brown_banner":34,"minecraft:painting":141,"minecraft:cake":1,"minecraft:flower_pot":5,"minecraft:acacia_stairs":666,"minecraft:diamond_pickaxe":3754,"toughasnails:temperature_gauge":8,"sawmill:sawmill":1,"toughasnails:ice_cream":76,"minecraft:acacia_fence_gate":4,"minecraft:cobblestone":107,"minecraft:cobbled_deepslate_slab":399,"minecraft:bucket":79,"minecraft:glass_pane":111,"minecraft:diamond_leggings":1},"minecraft:crafted":{"minecraft:smooth_stone":3,"minecraft:cobblestone_slab":18,"minecraft:blaze_powder":14,"toughasnails:temperature_gauge":1,"minecraft:stone":6,"minecraft:bookshelf":2,"minecraft:bow":4,"minecraft:chest":6,"toughasnails:leaf_helmet":1,"minecraft:acacia_fence":60,"minecraft:bricks":3,"minecraft:ender_eye":7,"toughasnails:thermometer":1,"minecraft:acacia_wood":15,"minecraft:emerald":28,"minecraft:cauldron":2,"minecraft:cooked_porkchop":15,"minecraft:crafting_table":3,"minecraft:acacia_slab":30,"toughasnails:ice_cream":54,"minecraft:book":7,"minecraft:paper":21,"minecraft:iron_ingot":26,"minecraft:snow_block":3,"minecraft:iron_block":3,"minecraft:gold_ingot":13,"resource_backpacks:backpack_iron":1,"resource_backpacks:backpack_diamond":1,"minecraft:netherite_ingot":4,"minecraft:composter":2,"minecraft:cobbled_deepslate_slab":20,"minecraft:iron_nugget":180,"minecraft:diamond_hoe":1,"minecraft:acacia_fence_gate":3,"minecraft:furnace":1,"minecraft:blast_furnace":1,"minecraft:bone_meal":51,"minecraft:flint_and_steel":1,"minecraft:lantern":22,"minecraft:stone_pickaxe":1,"basicweapons:diamond_hammer":2,"minecraft:netherite_scrap":26,"minecraft:brick_slab":6,"minecraft:lead":2,"minecraft:cooked_beef":476,"minecraft:sugar":58,"toughasnails:empty_diamond_canteen":2,"minecraft:acacia_trapdoor":20,"minecraft:bowl":60,"minecraft:acacia_stairs":68,"minecraft:stone_axe":3,"minecraft:air":0,"minecraft:wooden_axe":1,"minecraft:stonecutter":1,"minecraft:anvil":1,"minecraft:acacia_planks":540,"minecraft:torch":48},"minecraft:picked_up":{"toughasnails:leaf_leggings":1,"minecraft:iron_chestplate":5,"minecraft:wheat":484,"toughasnails:diamond_purified_water_canteen":1,"minecraft:nether_brick_fence":1,"minecraft:flower_pot":4,"minecraft:golden_sword":3,"minecraft:string":81,"minecraft:soul_soil":8,"toughasnails:ice_cream":5,"minecraft:diamond_leggings":2,"minecraft:gold_nugget":101,"minecraft:cobbled_deepslate":62,"minecraft:bucket":8,"toughasnails:leaf_boots":1,"minecraft:acacia_fence_gate":3,"minecraft:trial_key":10,"minecraft:cobblestone_slab":15,"minecraft:iron_pickaxe":1,"minecraft:melon_slice":52,"minecraft:furnace":2,"minecraft:tipped_arrow":29,"minecraft:golden_helmet":2,"minecraft:stick":223,"minecraft:acacia_fence":18,"minecraft:brown_terracotta":214,"minecraft:acacia_log":494,"minecraft:porkchop":23,"minecraft:golden_axe":1,"minecraft:waxed_copper_grate":28,"minecraft:pointed_dripstone":2,"minecraft:diorite":12,"minecraft:golden_chestplate":2,"minecraft:stone_sword":2,"minecraft:rotten_flesh":392,"minecraft:carved_pumpkin":1,"minecraft:iron_block":1,"minecraft:white_terracotta":65,"basicweapons:diamond_hammer":4,"minecraft:blaze_rod":25,"minecraft:obsidian":9,"minecraft:snowball":179,"minecraft:cobblestone":204,"minecraft:enchanting_table":1,"minecraft:magma_block":25,"minecraft:cooked_beef":26,"minecraft:water_bucket":2,"minecraft:golden_leggings":3,"minecraft:potato":2,"minecraft:flint":4,"minecraft:tuff":26,"minecraft:lapis_lazuli":55,"minecraft:dirt":2079,"minecraft:leather_boots":3,"minecraft:bone":299,"minecraft:acacia_planks":133,"basicweapons:iron_spear":1,"minecraft:bow":10,"minecraft:wheat_seeds":784,"minecraft:cobbled_deepslate_slab":89,"minecraft:diamond_helmet":1,"minecraft:scrape_pottery_sherd":3,"basicweapons:iron_hammer":2,"minecraft:sand":5,"minecraft:grass_block":1,"minecraft:dead_bush":1,"toughasnails:leather_water_canteen":1,"minecraft:acacia_stairs":18,"minecraft:jungle_slab":1,"minecraft:red_terracotta":93,"minecraft:light_gray_terracotta":24,"minecraft:diamond":21,"minecraft:soul_lantern":1,"minecraft:crossbow":1,"minecraft:breeze_rod":10,"minecraft:bread":11,"minecraft:emerald":33,"minecraft:netherrack":1476,"minecraft:crimson_roots":3,"minecraft:diamond_pickaxe":1,"minecraft:crafting_table":11,"minecraft:coarse_dirt":213,"toughasnails:temperature_gauge":7,"resource_backpacks:backpack_gold":1,"minecraft:ominous_bottle":2,"minecraft:leather_leggings":3,"minecraft:brick":124,"minecraft:shield":1,"minecraft:wind_charge":1,"minecraft:acacia_door":11,"minecraft:iron_axe":5,"minecraft:flint_and_steel":1,"minecraft:iron_shovel":2,"minecraft:blackstone":75,"toughasnails:thermoregulator":2,"minecraft:beef":775,"sawmill:sawmill":1,"minecraft:iron_nugget":1,"minecraft:poppy":13,"minecraft:guster_pottery_sherd":5,"minecraft:sugar_cane":77,"minecraft:chest":5,"minecraft:phantom_membrane":76,"minecraft:raw_iron":17,"minecraft:bamboo_hanging_sign":5,"minecraft:fire_charge":30,"minecraft:flow_pottery_sherd":3,"minecraft:carrot":1,"minecraft:dark_oak_planks":1,"minecraft:weeping_vines":1,"minecraft:arrow":203,"minecraft:diamond_chestplate":2,"minecraft:decorated_pot":1,"minecraft:shears":1,"minecraft:diamond_boots":1,"minecraft:yellow_terracotta":79,"minecraft:totem_of_undying":1,"minecraft:gold_ingot":2,"basicweapons:iron_quarterstaff":1,"minecraft:basalt":489,"advancednetherite:netherite_diamond_shovel":2,"minecraft:leather":600,"minecraft:red_mushroom":6,"minecraft:acacia_wood":1,"minecraft:ancient_debris":26,"minecraft:golden_boots":2,"minecraft:nether_wart_block":4,"minecraft:gunpowder":49,"minecraft:orange_terracotta":108,"minecraft:apple":4,"minecraft:acacia_trapdoor":17,"minecraft:iron_ingot":25,"minecraft:cooked_chicken":2,"minecraft:soul_sand":128,"minecraft:acacia_sapling":176,"minecraft:book":43,"minecraft:emerald_block":1,"minecraft:bamboo_planks":1,"minecraft:quartz":48,"minecraft:dandelion":3,"minecraft:gravel":45,"toughasnails:empty_leather_canteen":1,"minecraft:orange_candle":8,"minecraft:spider_eye":42,"minecraft:leather_helmet":1,"minecraft:brick_slab":4,"minecraft:pumpkin_seeds":4,"minecraft:slime_ball":55,"minecraft:painting":3,"minecraft:terracotta":681,"minecraft:baked_potato":2,"minecraft:acacia_slab":39,"minecraft:coal":107,"minecraft:chiseled_tuff_bricks":1,"minecraft:ender_pearl":1},"minecraft:killed_by":{"minecraft:zombie":1,"minecraft:spider":1,"minecraft:skeleton":7},"minecraft:custom":{"minecraft:interact_with_crafting_table":72,"minecraft:open_barrel":135,"minecraft:bell_ring":8,"minecraft:leave_game":3,"minecraft:time_since_death":743872,"minecraft:sprint_one_cm":2461399,"minecraft:damage_blocked_by_shield":3690,"minecraft:drop":252,"minecraft:talked_to_villager":20,"minecraft:play_time":943603,"minecraft:deaths":10,"minecraft:jump":16612,"minecraft:walk_on_water_one_cm":22258,"minecraft:enchant_item":29,"minecraft:interact_with_furnace":18,"minecraft:traded_with_villager":19,"minecraft:sleep_in_bed":10,"minecraft:damage_dealt":109568,"minecraft:crouch_one_cm":24946,"minecraft:interact_with_smoker":44,"minecraft:use_cauldron":9,"minecraft:inspect_dispenser":17,"minecraft:mob_kills":750,"minecraft:interact_with_anvil":26,"minecraft:interact_with_campfire":4,"minecraft:climb_one_cm":53268,"minecraft:walk_one_cm":3104850,"minecraft:sneak_time":11769,"minecraft:walk_under_water_one_cm":3169,"minecraft:interact_with_blast_furnace":19,"minecraft:total_world_time":943603,"minecraft:pot_flower":3,"minecraft:interact_with_grindstone":16,"minecraft:interact_with_stonecutter":12,"minecraft:time_since_rest":181852,"minecraft:damage_taken":11656,"minecraft:swim_one_cm":722,"minecraft:fly_one_cm":3010117,"minecraft:open_chest":70,"minecraft:fall_one_cm":291123},"minecraft:dropped":{"minecraft:soul_sand":22,"minecraft:porkchop":8,"minecraft:lapis_lazuli":55,"minecraft:cooked_beef":34,"minecraft:weeping_vines":1,"minecraft:lantern":48,"minecraft:leather":2,"minecraft:leather_helmet":1,"minecraft:red_mushroom":6,"minecraft:flint":4,"minecraft:dirt":1112,"basicweapons:iron_hammer":1,"minecraft:crimson_roots":1,"toughasnails:ice_cream":67,"minecraft:gold_nugget":1,"minecraft:acacia_door":1,"minecraft:bone":263,"minecraft:gravel":10,"minecraft:stone_axe":1,"minecraft:iron_nugget":9,"minecraft:golden_chestplate":2,"minecraft:rotten_flesh":113,"basicweapons:diamond_hammer":4,"basicweapons:wooden_dagger":1,"minecraft:poppy":3,"minecraft:tipped_arrow":2,"toughasnails:diamond_purified_water_canteen":1,"minecraft:gunpowder":14,"minecraft:leather_boots":3,"minecraft:chest":2,"minecraft:leather_leggings":2,"toughasnails:empty_diamond_canteen":1,"minecraft:basalt":4,"minecraft:arrow":3,"minecraft:netherrack":12,"minecraft:golden_boots":1,"minecraft:water_bucket":1,"minecraft:wheat_seeds":290,"minecraft:diamond_leggings":3,"minecraft:cobblestone":6,"minecraft:golden_axe":1,"minecraft:book":19,"minecraft:grass_block":1,"minecraft:coal":14,"minecraft:stick":39,"minecraft:iron_block":1,"minecraft:wooden_axe":1,"minecraft:nether_wart_block":1,"minecraft:diamond_helmet":2,"minecraft:iron_axe":5,"advancednetherite:netherite_diamond_shovel":2,"minecraft:iron_shovel":1,"minecraft:string":1,"minecraft:bucket":6,"minecraft:acacia_planks":3,"minecraft:flow_pottery_sherd":2,"minecraft:coarse_dirt":13,"minecraft:stone_sword":3,"minecraft:bamboo_hanging_sign":2,"minecraft:light_gray_terracotta":2,"minecraft:bowl":4,"minecraft:tuff":26,"minecraft:totem_of_undying":1,"minecraft:flint_and_steel":1,"minecraft:cobblestone_slab":4,"minecraft:potato":2,"minecraft:flower_pot":2,"minecraft:diamond_chestplate":2,"basicweapons:iron_quarterstaff":1,"minecraft:iron_chestplate":3,"minecraft:golden_leggings":2,"minecraft:golden_sword":3,"minecraft:spider_eye":9,"minecraft:diamond_boots":2,"minecraft:slime_ball":5,"minecraft:bow":1,"minecraft:stone_pickaxe":1,"minecraft:brick":1},"minecraft:killed":{"minecraft:cave_spider":3,"minecraft:zombified_piglin":6,"minecraft:spider":46,"minecraft:skeleton":63,"minecraft:piglin":13,"minecraft:zombie_villager":9,"minecraft:iron_golem":2,"minecraft:creeper":28,"minecraft:pillager":2,"minecraft:zombie":148,"minecraft:stray":5,"minecraft:blaze":30,"minecraft:cow":245,"minecraft:bogged":5,"minecraft:slime":66,"minecraft:phantom":39,"minecraft:snow_golem":1,"minecraft:hoglin":8,"minecraft:breeze":4,"minecraft:wither_skeleton":2,"minecraft:villager":2,"minecraft:enderman":3},"minecraft:mined":{"minecraft:dark_oak_planks":1,"minecraft:farmland":1,"minecraft:jungle_slab":1,"minecraft:sculk_vein":4,"minecraft:carved_pumpkin":1,"minecraft:obsidian":9,"minecraft:potted_dead_bush":1,"minecraft:acacia_log":499,"minecraft:grass_block":813,"minecraft:orange_candle":4,"minecraft:soul_soil":8,"minecraft:chiseled_tuff_bricks":1,"minecraft:weeping_vines_plant":2,"universal_graves:grave":1,"minecraft:bamboo_wall_hanging_sign":1,"minecraft:magma_block":25,"minecraft:cobbled_deepslate":6,"minecraft:fire":27,"toughasnails:temperature_gauge":7,"minecraft:pointed_dripstone":1,"minecraft:dirt_path":80,"minecraft:blackstone":75,"minecraft:crimson_nylium":6,"minecraft:orange_terracotta":105,"minecraft:soul_lantern":1,"minecraft:light_gray_terracotta":20,"minecraft:poppy":5,"minecraft:chest":3,"minecraft:dead_bush":49,"minecraft:nether_quartz_ore":4,"minecraft:cobblestone":89,"minecraft:sugar_cane":43,"minecraft:white_terracotta":65,"minecraft:bamboo_planks":1,"minecraft:nether_wart_block":4,"minecraft:wheat":38,"minecraft:acacia_fence":6,"minecraft:sand":5,"minecraft:dirt":655,"toughasnails:thermoregulator":2,"minecraft:ancient_debris":26,"minecraft:netherrack":1481,"minecraft:yellow_terracotta":79,"minecraft:nether_gold_ore":2,"minecraft:cobbled_deepslate_slab":46,"sawmill:sawmill":1,"minecraft:decorated_pot":34,"minecraft:crimson_roots":4,"minecraft:acacia_slab":37,"minecraft:furnace":2,"minecraft:acacia_trapdoor":18,"minecraft:waxed_copper_grate":19,"minecraft:snow":113,"minecraft:acacia_wood":1,"minecraft:acacia_stairs":15,"minecraft:nether_brick_fence":1,"minecraft:bookshelf":8,"minecraft:cobblestone_slab":14,"minecraft:stone":115,"minecraft:acacia_leaves":17,"minecraft:soul_sand":109,"minecraft:basalt":491,"easymagic:enchanting_table":1,"minecraft:dandelion":3,"minecraft:crafting_table":10,"minecraft:short_grass":384,"minecraft:tall_grass":25,"minecraft:diorite":12,"minecraft:brick_slab":1,"minecraft:red_terracotta":97,"minecraft:coarse_dirt":201,"minecraft:acacia_fence_gate":1,"minecraft:coal_ore":4,"minecraft:gravel":42,"minecraft:flower_pot":1,"minecraft:acacia_door":8,"minecraft:brown_terracotta":218,"minecraft:terracotta":684,"minecraft:acacia_planks":127}},"DataVersion":3953}