{"stats":{"minecraft:custom":{"minecraft:jump":114,"minecraft:time_since_rest":6722,"minecraft:crouch_one_cm":72,"minecraft:leave_game":1,"minecraft:sprint_one_cm":7197,"minecraft:play_time":6722,"minecraft:damage_taken":40,"minecraft:time_since_death":6722,"minecraft:walk_one_cm":7769,"minecraft:sneak_time":45,"minecraft:climb_one_cm":6676,"minecraft:total_world_time":6722,"minecraft:fall_one_cm":3071,"minecraft:fly_one_cm":8201},"minecraft:mined":{"minecraft:oak_leaves":1}},"DataVersion":3465}