{"stats":{"minecraft:used":{"minecraft:wheat_seeds":99,"minecraft:diamond_boots":1,"minecraft:iron_chestplate":1,"minecraft:dirt":3868,"toughasnails:diamond_purified_water_canteen":8,"minecraft:terracotta":2,"toughasnails:diamond_water_canteen":10,"minecraft:diamond_helmet":1,"toughasnails:empty_diamond_canteen":1,"toughasnails:ice_cream":6,"minecraft:golden_sword":5,"basicweapons:iron_quarterstaff":49,"advancednetherite:netherite_diamond_shovel":5378,"minecraft:acacia_fence":4,"minecraft:cooked_beef":11,"minecraft:coarse_dirt":793,"minecraft:bone_meal":213,"minecraft:diamond_leggings":1},"minecraft:crafted":{"minecraft:wooden_pickaxe":1,"minecraft:bone_meal":213,"minecraft:acacia_planks":52},"minecraft:picked_up":{"minecraft:coarse_dirt":851,"minecraft:iron_chestplate":1,"minecraft:wheat":57,"minecraft:cooked_beef":33,"minecraft:leather":36,"advancednetherite:netherite_diamond_shovel":1,"minecraft:golden_sword":1,"minecraft:gunpowder":10,"minecraft:dirt":3863,"minecraft:string":1,"toughasnails:ice_cream":7,"minecraft:bone":76,"minecraft:wheat_seeds":238,"minecraft:diamond_leggings":1,"minecraft:cobbled_deepslate_slab":1,"minecraft:beef":40,"minecraft:poppy":5,"minecraft:diamond_helmet":1,"minecraft:acacia_sapling":5,"minecraft:stick":28,"minecraft:acacia_fence":4,"minecraft:dandelion":1,"minecraft:acacia_log":13,"toughasnails:empty_diamond_canteen":1,"minecraft:arrow":2,"minecraft:rotten_flesh":35,"minecraft:diamond_boots":1,"minecraft:terracotta":2,"basicweapons:iron_quarterstaff":1,"minecraft:mutton":1,"minecraft:snowball":4,"minecraft:white_wool":1},"minecraft:killed_by":{"minecraft:creeper":1,"minecraft:zombie":2},"minecraft:custom":{"minecraft:mob_kills":17,"minecraft:interact_with_crafting_table":1,"minecraft:open_barrel":1,"minecraft:leave_game":6,"minecraft:time_since_death":44110,"minecraft:sleep_in_bed":10,"minecraft:climb_one_cm":4175,"minecraft:time_since_rest":12180,"minecraft:sprint_one_cm":375670,"minecraft:damage_taken":1575,"minecraft:walk_one_cm":982787,"minecraft:drop":3,"minecraft:damage_dealt":2519,"minecraft:talked_to_villager":4,"minecraft:fly_one_cm":296982,"minecraft:open_chest":8,"minecraft:crouch_one_cm":369,"minecraft:play_time":207887,"minecraft:deaths":3,"minecraft:sneak_time":150,"minecraft:jump":1951,"minecraft:walk_on_water_one_cm":617,"minecraft:total_world_time":207887,"minecraft:fall_one_cm":26463},"minecraft:dropped":{"minecraft:wheat":57,"minecraft:poppy":1,"advancednetherite:netherite_diamond_shovel":1},"minecraft:killed":{"minecraft:spider":2,"minecraft:creeper":1,"minecraft:sheep":1,"minecraft:zombie":5,"minecraft:cow":7},"minecraft:mined":{"minecraft:acacia_leaves":7,"minecraft:short_grass":155,"minecraft:acacia_log":13,"minecraft:grass_block":2366,"minecraft:poppy":3,"minecraft:dead_bush":22,"minecraft:tall_grass":12,"minecraft:coarse_dirt":852,"minecraft:dirt_path":2,"minecraft:dirt":2147}},"DataVersion":3953}