{"stats":{"minecraft:used":{"minecraft:wheat_seeds":99,"minecraft:diamond_boots":1,"toughasnails:empty_diamond_canteen":1,"toughasnails:ice_cream":6,"minecraft:iron_chestplate":1,"toughasnails:diamond_purified_water_canteen":7,"minecraft:dirt":3524,"basicweapons:iron_quarterstaff":49,"minecraft:terracotta":2,"advancednetherite:netherite_diamond_shovel":5378,"toughasnails:diamond_water_canteen":10,"minecraft:diamond_helmet":1,"minecraft:cooked_beef":10,"minecraft:coarse_dirt":793,"minecraft:bone_meal":213,"minecraft:diamond_leggings":1},"minecraft:crafted":{"minecraft:bone_meal":213},"minecraft:picked_up":{"minecraft:iron_chestplate":1,"minecraft:stick":28,"minecraft:coarse_dirt":851,"minecraft:wheat":57,"minecraft:cooked_beef":33,"minecraft:acacia_fence":4,"advancednetherite:netherite_diamond_shovel":1,"minecraft:leather":36,"minecraft:dandelion":1,"toughasnails:empty_diamond_canteen":1,"minecraft:golden_sword":1,"minecraft:gunpowder":10,"minecraft:dirt":3854,"minecraft:arrow":2,"toughasnails:ice_cream":6,"minecraft:bone":76,"minecraft:rotten_flesh":33,"minecraft:diamond_leggings":1,"minecraft:wheat_seeds":236,"minecraft:diamond_boots":1,"minecraft:beef":40,"minecraft:diamond_helmet":1,"minecraft:poppy":5,"minecraft:terracotta":2,"minecraft:acacia_sapling":4,"basicweapons:iron_quarterstaff":1},"minecraft:killed_by":{"minecraft:creeper":1,"minecraft:zombie":2},"minecraft:custom":{"minecraft:time_since_rest":6340,"minecraft:sprint_one_cm":301234,"minecraft:damage_taken":1483,"minecraft:walk_one_cm":899738,"minecraft:mob_kills":15,"minecraft:drop":2,"minecraft:damage_dealt":2339,"minecraft:talked_to_villager":4,"minecraft:fly_one_cm":244651,"minecraft:crouch_one_cm":369,"minecraft:open_chest":7,"minecraft:play_time":183887,"minecraft:deaths":3,"minecraft:sneak_time":150,"minecraft:jump":1689,"minecraft:leave_game":6,"minecraft:sleep_in_bed":9,"minecraft:walk_on_water_one_cm":339,"minecraft:time_since_death":20110,"minecraft:total_world_time":183887,"minecraft:climb_one_cm":4175,"minecraft:fall_one_cm":22672},"minecraft:dropped":{"minecraft:poppy":1,"minecraft:wheat":57},"minecraft:killed":{"minecraft:zombie":5,"minecraft:spider":1,"minecraft:creeper":1,"minecraft:cow":7},"minecraft:mined":{"minecraft:acacia_leaves":6,"minecraft:coarse_dirt":852,"minecraft:short_grass":147,"minecraft:grass_block":2365,"minecraft:dirt_path":2,"minecraft:poppy":3,"minecraft:dead_bush":22,"minecraft:dirt":2139,"minecraft:tall_grass":11}},"DataVersion":3953}