{"stats":{"minecraft:used":{"minecraft:wheat_seeds":24,"minecraft:diamond_boots":1,"toughasnails:empty_diamond_canteen":1,"toughasnails:ice_cream":4,"minecraft:iron_chestplate":1,"toughasnails:diamond_purified_water_canteen":2,"minecraft:dirt":722,"basicweapons:iron_quarterstaff":49,"minecraft:terracotta":2,"advancednetherite:netherite_diamond_shovel":142,"toughasnails:diamond_water_canteen":10,"minecraft:diamond_helmet":1,"minecraft:cooked_beef":4,"minecraft:coarse_dirt":3,"minecraft:bone_meal":133,"minecraft:diamond_leggings":1},"minecraft:crafted":{"minecraft:bone_meal":213},"minecraft:picked_up":{"minecraft:iron_chestplate":1,"minecraft:stick":27,"minecraft:coarse_dirt":9,"minecraft:wheat":31,"minecraft:cooked_beef":33,"minecraft:acacia_fence":4,"advancednetherite:netherite_diamond_shovel":1,"minecraft:leather":36,"toughasnails:empty_diamond_canteen":1,"minecraft:gunpowder":9,"minecraft:dirt":779,"toughasnails:ice_cream":4,"minecraft:bone":71,"minecraft:rotten_flesh":23,"minecraft:diamond_leggings":1,"minecraft:wheat_seeds":53,"minecraft:diamond_boots":1,"minecraft:beef":40,"minecraft:diamond_helmet":1,"minecraft:poppy":1,"minecraft:terracotta":2,"basicweapons:iron_quarterstaff":1},"minecraft:killed_by":{"minecraft:zombie":1},"minecraft:custom":{"minecraft:time_since_rest":45904,"minecraft:sprint_one_cm":87296,"minecraft:damage_taken":568,"minecraft:walk_one_cm":243612,"minecraft:mob_kills":10,"minecraft:damage_dealt":1576,"minecraft:fly_one_cm":110702,"minecraft:play_time":63887,"minecraft:deaths":1,"minecraft:sneak_time":33,"minecraft:jump":598,"minecraft:leave_game":6,"minecraft:walk_on_water_one_cm":307,"minecraft:time_since_death":45871,"minecraft:total_world_time":63887,"minecraft:climb_one_cm":878,"minecraft:fall_one_cm":8712},"minecraft:killed":{"minecraft:zombie":3,"minecraft:cow":7},"minecraft:mined":{"minecraft:coarse_dirt":6,"minecraft:short_grass":15,"minecraft:grass_block":68,"minecraft:poppy":1,"minecraft:dead_bush":22,"minecraft:dirt":80}},"DataVersion":3953}