{"stats":{"minecraft:used":{"minecraft:iron_chestplate":1,"minecraft:diamond_boots":1,"toughasnails:diamond_water_canteen":10,"minecraft:diamond_helmet":1,"toughasnails:empty_diamond_canteen":1,"minecraft:diamond_leggings":1},"minecraft:picked_up":{"minecraft:iron_chestplate":1,"toughasnails:ice_cream":3,"minecraft:cooked_beef":33,"minecraft:rotten_flesh":5,"minecraft:diamond_leggings":1,"toughasnails:empty_diamond_canteen":1,"minecraft:diamond_boots":1,"minecraft:diamond_helmet":1,"basicweapons:iron_quarterstaff":1},"minecraft:custom":{"minecraft:time_since_rest":9887,"minecraft:play_time":9887,"minecraft:sprint_one_cm":9563,"minecraft:damage_taken":19,"minecraft:walk_one_cm":24586,"minecraft:sneak_time":9,"minecraft:jump":47,"minecraft:damage_dealt":2,"minecraft:leave_game":6,"minecraft:time_since_death":9887,"minecraft:total_world_time":9887,"minecraft:fly_one_cm":8283,"minecraft:fall_one_cm":627}},"DataVersion":3953}