{"stats":{"minecraft:used":{"minecraft:diamond_boots":1,"toughasnails:empty_diamond_canteen":1,"toughasnails:ice_cream":2,"minecraft:iron_chestplate":1,"minecraft:dirt":363,"basicweapons:iron_quarterstaff":49,"minecraft:terracotta":1,"toughasnails:diamond_water_canteen":10,"minecraft:diamond_helmet":1,"minecraft:cooked_beef":2,"minecraft:coarse_dirt":3,"minecraft:diamond_leggings":1},"minecraft:picked_up":{"minecraft:iron_chestplate":1,"minecraft:stick":27,"minecraft:coarse_dirt":3,"minecraft:cooked_beef":33,"minecraft:acacia_fence":4,"minecraft:leather":36,"toughasnails:empty_diamond_canteen":1,"minecraft:gunpowder":4,"minecraft:dirt":363,"toughasnails:ice_cream":3,"minecraft:rotten_flesh":18,"minecraft:diamond_leggings":1,"minecraft:wheat_seeds":2,"minecraft:diamond_boots":1,"minecraft:beef":40,"minecraft:diamond_helmet":1,"minecraft:poppy":1,"minecraft:terracotta":2,"basicweapons:iron_quarterstaff":1},"minecraft:killed_by":{"minecraft:zombie":1},"minecraft:custom":{"minecraft:time_since_rest":27904,"minecraft:sprint_one_cm":54594,"minecraft:damage_taken":379,"minecraft:walk_one_cm":140741,"minecraft:mob_kills":8,"minecraft:damage_dealt":1186,"minecraft:fly_one_cm":68834,"minecraft:play_time":45887,"minecraft:deaths":1,"minecraft:sneak_time":33,"minecraft:jump":359,"minecraft:leave_game":6,"minecraft:time_since_death":27871,"minecraft:total_world_time":45887,"minecraft:climb_one_cm":878,"minecraft:fall_one_cm":4031},"minecraft:killed":{"minecraft:zombie":1,"minecraft:cow":7},"minecraft:mined":{"minecraft:short_grass":15,"minecraft:poppy":1,"minecraft:dead_bush":22,"minecraft:dirt":6}},"DataVersion":3953}