{"stats":{"minecraft:used":{"minecraft:wheat_seeds":99,"minecraft:diamond_boots":1,"toughasnails:empty_diamond_canteen":1,"toughasnails:ice_cream":5,"minecraft:iron_chestplate":1,"toughasnails:diamond_purified_water_canteen":2,"minecraft:dirt":827,"basicweapons:iron_quarterstaff":49,"minecraft:terracotta":2,"advancednetherite:netherite_diamond_shovel":1624,"toughasnails:diamond_water_canteen":10,"minecraft:diamond_helmet":1,"minecraft:cooked_beef":6,"minecraft:coarse_dirt":3,"minecraft:bone_meal":213,"minecraft:diamond_leggings":1},"minecraft:crafted":{"minecraft:bone_meal":213},"minecraft:picked_up":{"minecraft:iron_chestplate":1,"minecraft:stick":28,"minecraft:coarse_dirt":66,"minecraft:wheat":57,"minecraft:cooked_beef":33,"minecraft:acacia_fence":4,"advancednetherite:netherite_diamond_shovel":1,"minecraft:leather":36,"toughasnails:empty_diamond_canteen":1,"minecraft:golden_sword":1,"minecraft:gunpowder":10,"minecraft:dirt":1764,"toughasnails:ice_cream":5,"minecraft:bone":74,"minecraft:rotten_flesh":29,"minecraft:diamond_leggings":1,"minecraft:wheat_seeds":111,"minecraft:diamond_boots":1,"minecraft:beef":40,"minecraft:diamond_helmet":1,"minecraft:poppy":1,"minecraft:terracotta":2,"minecraft:acacia_sapling":3,"basicweapons:iron_quarterstaff":1},"minecraft:killed_by":{"minecraft:zombie":2},"minecraft:custom":{"minecraft:time_since_rest":6115,"minecraft:sprint_one_cm":144044,"minecraft:damage_taken":1001,"minecraft:walk_one_cm":391037,"minecraft:mob_kills":13,"minecraft:drop":1,"minecraft:damage_dealt":2185,"minecraft:talked_to_villager":1,"minecraft:fly_one_cm":139234,"minecraft:play_time":87887,"minecraft:deaths":2,"minecraft:sneak_time":33,"minecraft:jump":810,"minecraft:leave_game":6,"minecraft:sleep_in_bed":3,"minecraft:walk_on_water_one_cm":339,"minecraft:time_since_death":6085,"minecraft:total_world_time":87887,"minecraft:climb_one_cm":2434,"minecraft:fall_one_cm":11742},"minecraft:dropped":{"minecraft:wheat":57},"minecraft:killed":{"minecraft:zombie":5,"minecraft:creeper":1,"minecraft:cow":7},"minecraft:mined":{"minecraft:coarse_dirt":63,"minecraft:short_grass":33,"minecraft:grass_block":719,"minecraft:dirt_path":2,"minecraft:poppy":1,"minecraft:dead_bush":22,"minecraft:dirt":831,"minecraft:tall_grass":2}},"DataVersion":3953}