{"stats":{"minecraft:used":{"minecraft:wheat_seeds":99,"minecraft:diamond_boots":1,"toughasnails:empty_diamond_canteen":1,"toughasnails:ice_cream":5,"minecraft:iron_chestplate":1,"toughasnails:diamond_purified_water_canteen":3,"minecraft:dirt":1380,"basicweapons:iron_quarterstaff":49,"minecraft:terracotta":2,"advancednetherite:netherite_diamond_shovel":5191,"toughasnails:diamond_water_canteen":10,"minecraft:diamond_helmet":1,"minecraft:cooked_beef":8,"minecraft:coarse_dirt":424,"minecraft:bone_meal":213,"minecraft:diamond_leggings":1},"minecraft:crafted":{"minecraft:bone_meal":213},"minecraft:picked_up":{"minecraft:iron_chestplate":1,"minecraft:stick":28,"minecraft:coarse_dirt":795,"minecraft:wheat":57,"minecraft:cooked_beef":33,"minecraft:acacia_fence":4,"advancednetherite:netherite_diamond_shovel":1,"minecraft:leather":36,"toughasnails:empty_diamond_canteen":1,"minecraft:golden_sword":1,"minecraft:gunpowder":10,"minecraft:dirt":3566,"toughasnails:ice_cream":5,"minecraft:bone":74,"minecraft:rotten_flesh":31,"minecraft:diamond_leggings":1,"minecraft:wheat_seeds":224,"minecraft:diamond_boots":1,"minecraft:beef":40,"minecraft:diamond_helmet":1,"minecraft:poppy":1,"minecraft:terracotta":2,"minecraft:acacia_sapling":3,"basicweapons:iron_quarterstaff":1},"minecraft:killed_by":{"minecraft:zombie":2},"minecraft:custom":{"minecraft:time_since_rest":12502,"minecraft:sprint_one_cm":188393,"minecraft:damage_taken":1141,"minecraft:walk_one_cm":649508,"minecraft:mob_kills":15,"minecraft:drop":1,"minecraft:damage_dealt":2339,"minecraft:talked_to_villager":1,"minecraft:fly_one_cm":157283,"minecraft:open_chest":3,"minecraft:play_time":123887,"minecraft:deaths":2,"minecraft:sneak_time":33,"minecraft:jump":1119,"minecraft:leave_game":6,"minecraft:sleep_in_bed":5,"minecraft:walk_on_water_one_cm":339,"minecraft:time_since_death":42085,"minecraft:total_world_time":123887,"minecraft:climb_one_cm":3292,"minecraft:fall_one_cm":14943},"minecraft:dropped":{"minecraft:wheat":57},"minecraft:killed":{"minecraft:zombie":5,"minecraft:spider":1,"minecraft:creeper":1,"minecraft:cow":7},"minecraft:mined":{"minecraft:coarse_dirt":798,"minecraft:short_grass":114,"minecraft:grass_block":2274,"minecraft:dirt_path":2,"minecraft:poppy":1,"minecraft:dead_bush":22,"minecraft:dirt":2053,"minecraft:tall_grass":7}},"DataVersion":3953}