{"stats":{"minecraft:used":{"minecraft:wheat_seeds":99,"minecraft:diamond_boots":1,"minecraft:wooden_pickaxe":14,"minecraft:iron_chestplate":1,"minecraft:dirt":3901,"toughasnails:diamond_purified_water_canteen":9,"minecraft:terracotta":2,"minecraft:crafting_table":1,"toughasnails:diamond_water_canteen":10,"minecraft:diamond_helmet":1,"minecraft:wooden_hoe":1,"toughasnails:empty_diamond_canteen":1,"toughasnails:ice_cream":8,"minecraft:stone_axe":97,"minecraft:golden_sword":5,"basicweapons:iron_quarterstaff":49,"advancednetherite:netherite_diamond_shovel":5378,"minecraft:furnace":1,"minecraft:acacia_fence":4,"minecraft:cooked_beef":13,"minecraft:coarse_dirt":793,"minecraft:acacia_planks":206,"minecraft:bone_meal":213,"minecraft:diamond_leggings":1},"minecraft:crafted":{"minecraft:crafting_table":1,"minecraft:wooden_pickaxe":1,"minecraft:furnace":1,"minecraft:bone_meal":213,"minecraft:stone_axe":1,"minecraft:wooden_hoe":2,"minecraft:stone_pickaxe":1,"minecraft:acacia_planks":172},"minecraft:picked_up":{"minecraft:coarse_dirt":852,"minecraft:iron_chestplate":1,"minecraft:wheat":57,"minecraft:cooked_beef":33,"minecraft:leather":36,"advancednetherite:netherite_diamond_shovel":1,"minecraft:golden_sword":1,"minecraft:gunpowder":10,"minecraft:dirt":3871,"minecraft:string":1,"toughasnails:ice_cream":30,"minecraft:bone":77,"minecraft:acacia_planks":56,"minecraft:wheat_seeds":238,"minecraft:diamond_leggings":1,"minecraft:cobbled_deepslate_slab":1,"minecraft:beef":40,"minecraft:poppy":5,"minecraft:diamond_helmet":1,"minecraft:acacia_sapling":17,"minecraft:stick":30,"minecraft:acacia_fence":4,"minecraft:dandelion":1,"minecraft:acacia_log":58,"toughasnails:empty_diamond_canteen":1,"minecraft:arrow":2,"minecraft:rotten_flesh":35,"minecraft:diamond_boots":1,"minecraft:terracotta":2,"basicweapons:iron_quarterstaff":1,"minecraft:mutton":1,"minecraft:snowball":4,"minecraft:white_wool":1,"minecraft:cobblestone":14},"minecraft:killed_by":{"minecraft:creeper":1,"minecraft:zombie":2},"minecraft:custom":{"minecraft:interact_with_furnace":1,"minecraft:mob_kills":17,"minecraft:interact_with_crafting_table":8,"minecraft:open_barrel":1,"minecraft:interact_with_campfire":1,"minecraft:bell_ring":13,"minecraft:leave_game":6,"minecraft:time_since_death":10334,"minecraft:sleep_in_bed":13,"minecraft:climb_one_cm":4175,"minecraft:time_since_rest":5777,"minecraft:sprint_one_cm":461595,"minecraft:damage_taken":2085,"minecraft:walk_one_cm":1101581,"minecraft:drop":3,"minecraft:damage_dealt":2519,"minecraft:talked_to_villager":4,"minecraft:fly_one_cm":369181,"minecraft:open_chest":8,"minecraft:crouch_one_cm":6745,"minecraft:play_time":255887,"minecraft:deaths":4,"minecraft:sneak_time":1550,"minecraft:jump":2374,"minecraft:walk_on_water_one_cm":617,"minecraft:total_world_time":255887,"minecraft:fall_one_cm":40374},"minecraft:dropped":{"minecraft:wheat":57,"minecraft:poppy":1,"advancednetherite:netherite_diamond_shovel":1},"minecraft:killed":{"minecraft:spider":2,"minecraft:creeper":1,"minecraft:sheep":1,"minecraft:zombie":5,"minecraft:cow":7},"minecraft:mined":{"minecraft:acacia_leaves":11,"minecraft:farmland":1,"minecraft:short_grass":158,"minecraft:acacia_log":63,"minecraft:grass_block":2366,"minecraft:poppy":3,"minecraft:dead_bush":22,"minecraft:tall_grass":12,"minecraft:coarse_dirt":853,"minecraft:dirt_path":2,"minecraft:dirt":2154,"minecraft:acacia_planks":56,"minecraft:stone":14}},"DataVersion":3953}