{"stats":{"minecraft:used":{"minecraft:wheat_seeds":99,"minecraft:diamond_boots":1,"toughasnails:empty_diamond_canteen":1,"toughasnails:ice_cream":5,"minecraft:iron_chestplate":1,"toughasnails:diamond_purified_water_canteen":2,"minecraft:dirt":774,"basicweapons:iron_quarterstaff":49,"minecraft:terracotta":2,"advancednetherite:netherite_diamond_shovel":720,"toughasnails:diamond_water_canteen":10,"minecraft:diamond_helmet":1,"minecraft:cooked_beef":5,"minecraft:coarse_dirt":3,"minecraft:bone_meal":213,"minecraft:diamond_leggings":1},"minecraft:crafted":{"minecraft:bone_meal":213},"minecraft:picked_up":{"minecraft:iron_chestplate":1,"minecraft:stick":28,"minecraft:coarse_dirt":22,"minecraft:wheat":57,"minecraft:cooked_beef":33,"minecraft:acacia_fence":4,"advancednetherite:netherite_diamond_shovel":1,"minecraft:leather":36,"toughasnails:empty_diamond_canteen":1,"minecraft:golden_sword":1,"minecraft:gunpowder":9,"minecraft:dirt":1338,"toughasnails:ice_cream":5,"minecraft:bone":71,"minecraft:rotten_flesh":23,"minecraft:diamond_leggings":1,"minecraft:wheat_seeds":101,"minecraft:diamond_boots":1,"minecraft:beef":40,"minecraft:diamond_helmet":1,"minecraft:poppy":1,"minecraft:terracotta":2,"minecraft:acacia_sapling":2,"basicweapons:iron_quarterstaff":1},"minecraft:killed_by":{"minecraft:zombie":1},"minecraft:custom":{"minecraft:time_since_rest":57904,"minecraft:sprint_one_cm":109542,"minecraft:damage_taken":685,"minecraft:walk_one_cm":317927,"minecraft:mob_kills":10,"minecraft:drop":1,"minecraft:damage_dealt":1576,"minecraft:talked_to_villager":1,"minecraft:fly_one_cm":123270,"minecraft:play_time":75887,"minecraft:deaths":1,"minecraft:sneak_time":33,"minecraft:jump":701,"minecraft:leave_game":6,"minecraft:walk_on_water_one_cm":339,"minecraft:time_since_death":57871,"minecraft:total_world_time":75887,"minecraft:climb_one_cm":878,"minecraft:fall_one_cm":9815},"minecraft:dropped":{"minecraft:wheat":57},"minecraft:killed":{"minecraft:zombie":3,"minecraft:cow":7},"minecraft:mined":{"minecraft:coarse_dirt":19,"minecraft:short_grass":20,"minecraft:grass_block":341,"minecraft:dirt_path":2,"minecraft:poppy":1,"minecraft:dead_bush":22,"minecraft:dirt":364}},"DataVersion":3953}