{"stats":{"minecraft:used":{"minecraft:wheat_seeds":99,"minecraft:diamond_boots":1,"minecraft:acacia_log":6,"minecraft:wooden_pickaxe":14,"minecraft:iron_chestplate":1,"minecraft:dirt":3925,"toughasnails:diamond_purified_water_canteen":9,"minecraft:terracotta":2,"minecraft:crafting_table":1,"minecraft:red_bed":2,"toughasnails:diamond_water_canteen":10,"minecraft:diamond_helmet":1,"minecraft:acacia_stairs":5,"minecraft:wooden_hoe":1,"minecraft:acacia_door":1,"minecraft:acacia_slab":3,"toughasnails:empty_diamond_canteen":1,"toughasnails:ice_cream":13,"minecraft:red_terracotta":2,"minecraft:stone_axe":140,"minecraft:golden_sword":8,"basicweapons:iron_quarterstaff":49,"advancednetherite:netherite_diamond_shovel":5378,"minecraft:furnace":1,"minecraft:acacia_fence":4,"minecraft:cooked_beef":15,"minecraft:coarse_dirt":859,"minecraft:acacia_planks":267,"minecraft:bone_meal":213,"minecraft:diamond_leggings":1},"minecraft:crafted":{"minecraft:crafting_table":1,"minecraft:wooden_pickaxe":1,"minecraft:furnace":1,"minecraft:bone_meal":213,"minecraft:acacia_stairs":4,"minecraft:stone_axe":1,"minecraft:wooden_hoe":2,"minecraft:stone_pickaxe":1,"minecraft:acacia_planks":224},"minecraft:picked_up":{"minecraft:coarse_dirt":853,"minecraft:iron_chestplate":1,"minecraft:wheat":57,"minecraft:cooked_beef":33,"minecraft:leather":36,"advancednetherite:netherite_diamond_shovel":1,"minecraft:golden_sword":1,"minecraft:gunpowder":10,"minecraft:dirt":3879,"minecraft:string":1,"minecraft:red_bed":2,"minecraft:acacia_door":1,"toughasnails:ice_cream":30,"minecraft:bone":77,"minecraft:acacia_planks":60,"minecraft:wheat_seeds":238,"minecraft:diamond_leggings":1,"minecraft:cobbled_deepslate_slab":1,"minecraft:beef":40,"minecraft:poppy":5,"minecraft:diamond_helmet":1,"minecraft:acacia_sapling":17,"minecraft:stick":30,"minecraft:acacia_fence":4,"minecraft:dandelion":1,"minecraft:acacia_log":62,"toughasnails:empty_diamond_canteen":1,"minecraft:acacia_stairs":1,"minecraft:red_terracotta":2,"minecraft:arrow":2,"minecraft:rotten_flesh":35,"minecraft:diamond_boots":1,"minecraft:terracotta":2,"minecraft:acacia_slab":3,"basicweapons:iron_quarterstaff":1,"minecraft:mutton":1,"minecraft:snowball":4,"minecraft:white_wool":1,"minecraft:cobblestone":15},"minecraft:killed_by":{"minecraft:creeper":3,"minecraft:zombie":2},"minecraft:custom":{"minecraft:interact_with_furnace":1,"minecraft:interact_with_anvil":2,"minecraft:mob_kills":19,"minecraft:interact_with_crafting_table":10,"minecraft:open_barrel":2,"minecraft:interact_with_campfire":1,"minecraft:bell_ring":13,"minecraft:leave_game":6,"minecraft:time_since_death":16499,"minecraft:sleep_in_bed":15,"minecraft:climb_one_cm":5125,"minecraft:time_since_rest":0,"minecraft:sprint_one_cm":523624,"minecraft:damage_taken":2769,"minecraft:walk_one_cm":1238414,"minecraft:drop":4,"minecraft:damage_dealt":2789,"minecraft:talked_to_villager":6,"minecraft:fly_one_cm":392544,"minecraft:open_chest":11,"minecraft:crouch_one_cm":8773,"minecraft:play_time":399887,"minecraft:deaths":6,"minecraft:sneak_time":2115,"minecraft:jump":2624,"minecraft:walk_on_water_one_cm":617,"minecraft:total_world_time":399887,"minecraft:fall_one_cm":43076},"minecraft:broken":{"minecraft:golden_sword":1,"minecraft:stone_axe":1},"minecraft:dropped":{"minecraft:cooked_beef":1,"minecraft:wheat":57,"minecraft:poppy":1,"advancednetherite:netherite_diamond_shovel":1},"minecraft:killed":{"minecraft:spider":2,"minecraft:creeper":1,"minecraft:sheep":1,"minecraft:zombie":6,"minecraft:cow":7},"minecraft:mined":{"minecraft:acacia_leaves":11,"minecraft:farmland":1,"minecraft:short_grass":158,"minecraft:acacia_log":63,"minecraft:grass_block":2366,"minecraft:poppy":3,"minecraft:dead_bush":22,"minecraft:tall_grass":12,"minecraft:coarse_dirt":854,"minecraft:acacia_stairs":1,"minecraft:dirt_path":2,"minecraft:dirt":2154,"minecraft:acacia_planks":56,"minecraft:stone":14}},"DataVersion":3953}