{"stats":{"minecraft:custom":{"minecraft:jump":20,"minecraft:time_since_rest":844,"minecraft:damage_dealt":10,"minecraft:damage_taken":1030,"minecraft:leave_game":9,"minecraft:play_time":9857,"minecraft:time_since_death":400,"minecraft:sprint_one_cm":901,"minecraft:walk_one_cm":4602,"minecraft:walk_on_water_one_cm":40,"minecraft:deaths":4,"minecraft:total_world_time":9857,"minecraft:walk_under_water_one_cm":2578,"minecraft:fly_one_cm":4657,"minecraft:fall_one_cm":269},"minecraft:killed_by":{"minecraft:zombie":1,"minecraft:skeleton":1,"minecraft:spider":1}},"DataVersion":3953}